37	失去的球員
68	偵錯版
87	依需求啟用 OpenGL
127	多執行緒已停用
140	敬啟者
172	延遲傷勢診斷
174	隱藏傷病評分
176	啟用禁賽
177	禁賽頻率
178	啟用禁藥禁賽
191	年輕得多
194	年長得多
198	停用球員發展
227	總經理異動紀錄
232	玩家聯盟
233	玩家組織
234	玩家球隊
254	新增錦標賽
264	新增所有層級
276	聯盟國家
284	錦標賽球隊設定
291	最少面對打者數
292	修改後的延長賽
298	預備名單人數
299	名單擴編日期
302	國際基地規模
306	種族隔離
312	啟用選擇權年限
324	交易截止日
327	偏好報價
348	選秀來源模式
370	票價基準
377	年度通膨
383	球團高層
385	簽訂多年合約
387	簽訂保證合約
392	競標金上限
398	編輯投手群
403	允許合約選擇退出條款
417	商品銷售收入基準
422	豪華稅
430	球探預算基準
431	教練薪資基準
441	最低球員薪資
446	聯盟主席首頁
452	僅限例行賽
470	擴編模式
471	沒有擴編選秀
486	本季
488	想要贏球的球隊
494	評分重新計算基準
496	評分依據
498	目前球季
500	首屆夢幻選秀
501	舉行選秀
502	允許因雨延賽
506	賽程平衡
512	跨聯盟比賽
514	安排春訓
520	尋找球員
522	處理報價
535	目前現役上限
547	依子聯盟
552	停用季後賽
555	上下半季賽制
563	建立快取
591	名人堂公布日期
603	入選門檻百分比
604	球隊數量
616	生涯勝投里程碑
648	外野空檔長打力
649	長打力
650	選球
651	避免三振
659	低詳細度
660	一般詳細度
661	高詳細度
662	極高詳細度
673	復健指派中
677	休息最足者先發
685	交易截止日已過
688	一般戰術傾向
695	使用後援投手
701	使用終結者
706	守備換人
707	個別球種評分
708	內野守備站位
713	聯盟總計
724	盜壘嘗試
730	守位修正
753	製作人員
755	玩家總教練狀態
756	錦標賽球隊
757	生涯戰績
760	隱藏待業者
766	投手分項評分
777	玩家控制
781	守備策略
787	自動讓後援投手休息
801	選項與預覽
802	設定畫面
809	基本資料
810	對投手打擊
811	擊球分布圖
812	真實打擊
813	真實投球
814	真實守備
839	內野安打
844	讓打者擊球
859	跑帶打
862	看下一個進展
866	產生 WPA 圖
872	比較：依守位
878	總戰績
881	延長賽
883	對左投先發
884	對右投先發
889	跨聯盟比賽
898	比分更新
919	自訂先發陣容
963	守備魔術師
965	選球型打者
966	擊球型打者
971	切換到逐球模式
977	小聯盟球員
985	大聯盟球員
999	剩餘復健時間
1000	內野工具人
1009	對表現的影響
1018	儲存球員
1028	所有守位
1032	儲存教練
1038	續約資訊
1039	儲存天氣
1041	選秀簽約金要求
1050	儲存球場
1062	最高薪資
1063	最低薪資
1071	小聯盟選擇權
1105	僅限牛棚
1114	內野守備範圍
1117	外野守備範圍
1127	自訂獎項得主
1129	第 %s 名
1140	名人堂標準
1145	儲存聯盟
1155	其他進攻評分
1160	大學層級
1175	生涯最高紀錄
1176	對各隊打擊
1183	輸入州名
1185	連續紀錄類型
1189	對各隊投球
1202	新內野守位
1206	新外野守位
1212	新內野守位
1214	預設站位
1215	重新命名已存站位
1223	棒球素質
1225	錦標賽與球隊
1232	全域操作
1254	包含壘指導教練
1255	產生壘指導教練
1260	教練續約
1263	撤回報價
1267	是 - 逐球模式
1348	立即套用變更
1352	重新載入引擎修正值
1378	關閉臉孔
1384	聯盟異動
1385	球隊異動
1388	關閉球隊
1392	關閉交易
1395	開發工具
1398	建立 historical_database.odb
1402	建立 historical_lineups.odb
1404	建立預設修正值
1432	轉換圖稿 MLBM
1446	關閉名稱
1448	重新匯入傷病資料庫
1456	最佳化異動資料表
1502	比賽時間
1504	偏好白天
1505	強制夜間
1538	自動計算修正值
1547	關閉傷病
1550	確定名單
1562	國際來源
1586	資格報價金額
1602	與 %team_name 簽約
1604	解除共同主席
1682	匯出聯盟結構
1720	取得自由球員資格
1723	異動類型
1725	打者拒絕額度
1726	投手拒絕額度
1767	續約資金
1786	輸入「ok」
1814	全明星全壘打大賽
1817	建立壘指導教練
1823	清除新聞
1825	清除傷病
1827	報告產生
1980	國際自由球員簽約
1981	匯入年份
2018	守備獎名稱
2031	配對球員
2038	配對教練／球探
2047	全壘打大賽設定
2056	回合長度
2066	填入所有參賽者
2078	產生賽程表
2083	新增球隊
2095	匯入球隊
2103	即將符合資格的球員
2117	季後賽延長賽
2134	主要球隊
2145	入選百分比
2147	主要守位
2170	歷屆冠軍
2193	成為自由球員
2194	自由球員簽約
2203	投手獨立防禦率
2205	交易名單
2225	選秀球員談判結束
2261	匯入州
2263	新聞內文
2275	兜售球員
2280	目的地分區
2290	即將成為自由球員
2295	競標球員
2304	管理比賽
2310	現場比賽網路直播
2321	完整異動紀錄
2323	異動新聞
2329	隱藏比分
2337	PT 訓練 LF
2340	上個球季
2350	未安排加賽
2362	無合格球員
2381	打擊連續紀錄
2385	季後賽對戰圖
2389	升降級排名
2390	投球連續紀錄
2391	上半季
2392	下半季
2393	所有連續紀錄
2394	偷好球得分
2406	主場 / 客場
2414	季後賽總計
2427	%d 戰制
2428	淘汰賽對戰圖
2444	收尾場次
2445	被壘打數
2450	火燙打者
2454	低潮打者
2455	火燙投手
2456	低潮投手
2502	寫入 players.csv
2519	球隊老闆
2521	寫入 pt_cards_list.csv
2527	跑壘教練
2577	春訓
2579	寫入統計檔案
2623	讀取投球
2625	讀取打擊
2638	讀取球員
2648	球季開始
2660	讀取歷史球員
2665	PT 訓練 SS
2672	清除球隊
2673	PT 訓練 3B
2676	清除教練
2705	PT 訓練 2B
2709	PT 訓練 1B
2713	PT 訓練 C
2753	球員：新人
2758	檢視國際基地
2775	第二隊
2776	第一隊
2808	更新州
2867	載入附加元件清單
2880	正在安裝工作坊項目
2912	選定的玩家總教練
2914	姓氏
2947	活躍玩家總教練
2969	主要聯盟主席密碼
2980	分項：對左
3001	發掘球隊
3009	總選秀順位
3010	重新命名書籤
3012	總順位
3017	輪次選秀順位
3019	轉播比賽成績表
3020	轉播比賽紀錄
3021	轉播目標路徑
3029	選秀輪次順位
3060	送出報價
3113	下一個聯盟事件
3126	國際資深自由球員
3127	獨立聯盟球員
3144	已完全發展
3145	服役年限
3148	不符合資格
3159	球探準確度
3163	加入關注名單
3167	符合選秀地區
3177	比賽場數錯誤
3180	列入候選名單
3197	進行表演賽
3199	選擇客隊
3213	隨機分配球隊
3223	自動產生設定
3228	安排擴編選秀
3241	選擇選秀輪次
3245	%s 選秀籤
3277	分割大型檔案
3278	逐一上傳檔案
3288	寄件者姓名
3289	寄件者電子郵件地址
3300	總經理金鑰
3334	送出聯盟
3338	聯盟已送出
3340	名人堂入選率
3360	測試連線
3362	HTML 連線
3373	主動模式；標準 FTP
3374	競標遭超越
3376	被動模式；標準 FTP
3389	安打製造機
3404	建立壓縮檔
3406	上傳壓縮檔
3412	甜蜜點
3433	火燙球棒
3460	建立 PHP 壓縮檔
3466	建立壓縮檔
3468	雙響砲
3469	三響砲
3475	觸及本壘
3476	輸入球季年份
3488	送回跑者
3499	剩餘巔峰球季
3501	匯入球季
3514	送回跑者
3521	邊角控球高手
3526	飆速球
3527	再見全壘打
3530	隨機產生
3532	再見滿貫全壘打
3533	完全打擊
3543	開啟壓縮檔資料夾
3548	大量得分局
3566	傳輸檔案已重新命名
3568	時間戳記已儲存
3578	從備份還原
3600	單局打了一輪
3630	守備高手
3634	歷史大聯盟
3640	最多勝投
3668	爆冷勝利
3716	顯示篩選欄
3717	里程碑勝投
3722	開頭為
3724	結尾為
3726	介於
3728	重新載入外觀
3734	強棒
3735	投出麥達克斯
3736	九球三振
3739	高中
3741	國際基地
3745	自然完全打擊
3756	所有後援投手
3761	下載精華片段
3773	顯示個人資料
3778	客場敗給 %team
3779	客場擊敗 %team
3780	敗給 %team
3781	擊敗 %team
3790	無領先者
3791	平手 %w-%l
3801	強攻局
3813	滿壘無得分
3815	所有安打
3816	一戰定勝負
3817	三戰兩勝
3818	五戰三勝
3819	七戰四勝
3820	九戰五勝
3821	對戰組合 %s
3832	優質登板
3833	雙敗淘汰
3847	飛出去了
3848	否，強制開始
3849	後續輪次對戰組合
3852	外卡排在最低種子
3854	將分組配對
3855	維持同組
3856	高種子優勢
3875	編輯對戰表
3879	簽下他
3884	韓語
3888	連續全壘打場次
3891	連續安打場次
3893	連續得分場次
3901	小幅落後
3904	比賽中段
3909	連續打點場次
3915	Roboto Condensed
3918	對左投深度圖
3919	對右投深度圖
3930	連續長打場次
3942	連續上壘場次
3944	連續救援成功場次
3952	對左投打線
3953	對右投打線
3954	打線總覽
3955	現役+儲備
3973	名人堂標準評分
3974	Gray Ink 評分
3975	Black Ink 評分
3979	接力完封
3984	接力無安打
4004	觀眾細節
4005	傳殺跑者
4007	觀眾品質
4011	觀眾動畫
4017	一安打比賽
4018	長打機器
4022	邦茲級打擊
4046	薪水過高 %s
4057	休息室干擾 %s
4066	匯出欄位分隔符號
4070	至 %d/場
4071	%d 局
4073	%d 場收尾
4076	%d 場出賽
4077	條件生效選擇權
4079	球員選擇權
4080	球隊選擇權
4099	完美球隊通知
4103	載入外觀
4108	已指定讓渡
4127	在國際訓練基地
4129	電腦金鑰
4135	在國際基地
4136	在次要名單
4144	已用選擇權年限
4145	失分
4157	守備高手獎
4160	已用選擇權
4166	球場費用
4177	例行賽開始
4218	所選擴編球隊
4223	休士頓太空人
4228	建立農場聯盟
4229	建立農場聯盟
4230	業餘選秀輪數
4232	聯盟冠軍系列賽
4235	建立農場聯盟中
4236	建立農場聯盟中
4239	選擇守位
4245	職業年資
4268	模擬模組
4270	載入異動資料庫
4279	整個球季
4281	比賽重要性
4296	失分
4297	已釋出 %p
4299	模擬比賽
4332	開始故事情節
4335	刪除所有故事情節
4349	故事情節追蹤
4363	成功啟動故事情節
4374	傷病剩餘時間
4382	球帽帽簷顏色
4387	春訓球場
4391	載入打線資料庫
4442	球季損益
4445	球隊合照
4456	匯入球種
4461	大聯盟天數
4467	快速成績表 主隊
4469	進壘點位置
4476	計算季後賽機率
4478	續約總年數
4480	靠左對齊
4481	置中對齊
4482	靠右對齊
4483	建立聯盟精靈
4484	續約年數
4485	續約總額
4488	續約金額
4491	使用即時開始
4508	更新傷病
4542	全明星入選
4546	傷兵名單剩餘時間
4554	選擇球季
4560	球員發展支出
4577	不可能接殺球
4579	接殺極難球數
4598	舉行擴編選秀
4606	極難接殺球
4607	極難接殺球百分比
4611	賽程設定
4613	球季開始日期
4630	不顯示
4643	不使用虛構圖片
4648	聯盟自動演進
4651	即時開始
4652	錦標賽選項
4654	下一屆錦標賽開始
4668	財務個性
4685	修改錦標賽結構
4689	錦標賽結構預覽
4715	未指定地區
4718	比賽場數
4721	約 %d 勝利貢獻值
4729	球隊國家
4737	目前+未來符合選秀資格
4739	符合選秀資格
4754	隨機暱稱
4757	分區 %s 名稱
4759	選取球隊
4764	坦帕灣光芒
4771	產生虛構球員
4792	來源資料夾
4794	接殺五五波球數
4796	等待下載
4798	重新下載項目
4801	五五波球
4807	五五波球百分比
4814	選擇來源資料夾
4835	釋放授權失敗
4859	準備玩家總教練
4879	名單擴編
4883	首屆選秀
4888	完成擴編
4890	開幕戰
4896	球員抱怨
4912	球員分類
4918	保送擠回 %i 分
4921	關係良好
4929	選秀池公告
4942	交易截止日
4944	例行賽結束
4945	本季對左投
4946	本季對右投
4947	滿壘
4950	一壘有跑者
4964	小聯盟自由球員
4969	規則 5 選秀
4970	擴編選秀
4972	規則 5 選秀
4996	%h 支安打／%ab 打數
5003	比賽評分
5059	終場 - 平手
5063	對戰 %s
5067	現實中缺席球季
5070	填補農場聯盟
5089	春訓名單
5111	任何領先
5113	守備換人於
5121	使用開局投手陣容
5123	無開局投手陣容
5126	用作後繼投手
5127	用作假先發投手
5129	投手群設定
5130	用球數
5133	積極疲勞換投
5134	調整外野守備深度
5135	外野守備站位
5136	後援投手換投時機
5137	開局／後援投手換投時機
5138	先發投手換投時機
5139	錯失雙殺
5144	先發／後繼投手換投時機
5194	%b 犧牲打
5238	揮空三振
5239	守備出賽場次
5244	見逃三振
5296	%s 盜二壘
5297	%s 盜三壘
5304	RA9-勝利貢獻值
5318	清除策略
5320	檢視球員頁面
5329	比賽表現
5333	嚴格順序
5336	下一位先發投手
5347	打者三振
5355	優質先發 %n
5357	捕逸
5377	檢視比賽紀錄
5393	觸擊落空，三振
5394	觸擊界外
5426	觸擊 - 飛球接殺
5432	跑者盜壘失敗
5435	東區
5485	球員篩選器
5497	匯出策略
5499	中度戰術派
5500	中度數據派
5514	清空投手群
5520	界外球
5551	打線 vs. 左投+DH
5552	打線 vs. 右投+DH
5553	打線 vs. 左投
5554	打線 vs. 右投
5556	每 20 場比賽
5557	每 15 場比賽
5560	每 12 場比賽
5561	每 10 場比賽
5564	每 9 場比賽
5565	每 8 場比賽
5567	每 7 場比賽
5570	每 6 場比賽
5571	每 5 場比賽
5572	每 4 場比賽
5575	每 3 場比賽
5581	每 2 場比賽
5584	若先發投手疲勞
5589	先發深度
5624	打擊重點
5625	投球重點
5628	%s，至 %d
5645	最近考察的球員
5655	投球數
5705	%team_name 球員退休
5706	%team_name 球員離隊
5713	業餘球探
5714	小聯盟球探
5715	大聯盟球探
5717	未聘僱球探
5740	主要觀眾聲
5741	次要觀眾聲
5742	輕微歡呼
5743	熱烈歡呼
5744	輕微噓聲
5745	強烈噓聲
5749	強勁擊球
5758	界外球反應
5760	全壘打預期反應
5763	主場大聲歡呼
5764	全壘打號角
5765	額外環境
5776	計算球員評分
5778	啟動 Steam 用戶端
5785	分區系列賽
5827	恢復應用程式內購買
5832	得分支援
5869	收尾場次比率
5871	小聯盟附屬球隊
5872	取消遊戲授權
5877	授權已解除
5905	冠軍系列賽
5906	序號
5907	未授權試玩版
5911	製造雙殺數
5916	被高飛犧牲打
5923	開啟個人資料
5924	加入候選名單
5925	移出候選名單
5927	簽下人員
5928	提出續約
5932	讓人員退休
5933	取消人員退休
5950	被犧牲短打
5960	管理投手陣容
5970	與選秀球員協商
5976	簽下球團人員
5988	完美球隊設定
5989	完美球隊社群
5996	拍賣場
6004	賽事報導
6005	季後賽報導
6007	錦標賽對戰圖
6009	冠軍爭奪戰
6018	球隊首頁
6020	投手群
6022	全域策略
6024	比分與賽程表
6030	快速開始遊戲
6035	還原備份
6040	開啟聯盟網站
6041	聯盟主席中心
6043	說明索引
6046	教學影片
6056	球場建造工具組
6057	建立球員名單
6064	職缺
6066	%s 操作
6071	其他玩家總教練
6072	選擇目前總教練
6077	國際基地
6079	選擇擴編球隊
6084	選擇錦標賽名單
6090	全壘打大賽
6091	新秀明星賽
6093	季後賽報導
6095	春訓報導
6096	季前預測
6098	新秀農場系統
6099	新人選秀
6103	比賽表現排名
6108	目前傷兵
6117	即將成為自由球員
6123	傷病紀錄
6125	重大異動紀錄
6126	完整異動紀錄
6133	退休球員
6134	里程碑追蹤
6140	球團高層
6143	數據排行榜
6186	失分
6187	被全壘打
6188	被三壘安打
6189	被二壘安打
6190	被一壘安打
6191	被打數
6197	救援失敗率
6206	獲得的補償選秀籤
6208	聯盟排行榜
6212	自訂球隊
6214	救援成功率
6217	接續對戰 %s
6219	接續客場對戰 %s
6220	客場對戰 %s
6223	救援機會
6224	先發場次
6231	下一次模擬
6232	開啟你的卡包
6236	投手出賽場次
6241	盜壘得分貢獻
6248	檢視深度圖
6249	檢視打線
6250	檢視先發輪值
6254	檢視選秀池
6255	檢視名單擴編
6256	檢視春訓名單
6257	檢視開幕戰名單
6261	完成選秀球員簽約
6263	打擊得分價值
6264	盜壘成功率
6274	自動進行至季後賽
6284	加權得分創造
6286	聯盟球帽
6314	鐵級
6316	新人級
6328	賣出卡片
6329	快速賣出卡片
6338	得標
6381	勝率增加值
6385	% 完成
6400	下載比賽記分表
6401	下載比賽紀錄
6421	門票分成收入
6426	解僱玩家總教練
6431	擊出雙殺打
6436	母隊 ID
6459	歷史球團 ID
6466	每打席三振數
6473	錦標賽分區
6475	參賽池分區
6478	國家聯盟
6481	敗 %w-%l
6483	勝 %w-%l
6496	季後賽傷兵名單
6500	打席數
6506	首席球探
6510	開啟球探報告
6511	加入候選名單
6513	建立新候選名單
6514	從候選名單移除
6517	比較球員
6520	簽下球員
6522	購買球員
6525	提出續約
6526	球員競標
6530	設定比賽策略
6650	認領球員
6653	讓渡球員
6666	交易取得球員
6667	交易送走球員
6668	兜售球員
6672	球員異動新聞
6678	取消退休
6681	轉任教練
6696	顯示可用異動
6699	設定守位
6717	匯出球隊
6724	復出
6729	選擇守位
6744	關於 %s 的備註
6746	謹上
6760	球員守備成績
6761	球員投球成績
6762	球員打擊成績
6766	右外野守備
6788	隱藏未啟用打線
6821	無效異動
6824	交易選項
6825	對右投打線
6826	對左投打線
6827	對右投打線+DH
6828	對左投打線+DH
6836	東印度人
6843	%d 英吋
6846	%d 英石 %d 磅
6849	%d 磅
6862	最近考察
6864	人員職務
6865	總體策略
6872	每日打線
6874	可排序春訓成績
6875	春訓投手排行榜
6876	春訓打者排行榜
6877	春訓戰績
6881	離開精彩片段
6882	逐球實況自訂
6892	最終比賽紀錄
6893	最終比賽記分表
6895	匯入歷史球季
6896	完整歷史套件
6897	購買 - $%a
6899	歷史 MLB 套件
6900	美國職棒大聯盟歷史球季
6901	已購買
6915	還原 App 內購買
6928	還原 App 內購買
6930	大量購買
6934	送出出價
6940	拍賣剩餘時間
6954	高優先順序
6958	姓名倒置
6960	簡短姓名倒置
6964	最喜愛球隊
6967	顯示名稱
6968	最後出現日期
6971	球隊暱稱
6973	營業利益
6979	市場連線
6996	正在重設快取
7019	球隊投球：三振
7021	球隊投球：勝投
7029	球隊打擊：打擊率
7030	球員投球：勝利貢獻值
7033	球員投球：三振
7037	球員投球：勝投
7046	球員打擊：整體攻擊指數
7049	球員打擊：打擊率
7050	全部不選
7059	僅限有任務
7060	僅限有積分
7063	僅限完成度超過 85%
7065	僅限已完成
7068	大圖
7069	小圖
7085	贏得錦標賽
7086	已完成任務
7094	目前等級
7103	正在建立收藏畫面
7105	球員姓名
7107	所有非即時卡片
7116	自動送出球隊
7118	選擇顯示的打線
7137	正在載入目錄清單
7150	收藏任務設定
7160	個別球種潛力
7177	中外野守備
7190	球員索引
7191	打擊紀錄冊
7192	投球紀錄冊
7198	投手陣容圖表
7199	投球排行榜
7200	統計數據與排行榜
7201	守備紀錄冊
7205	分區歷史
7208	總教練索引
7209	玩家總教練排行榜
7210	左外野守備
7219	長打率
7220	整體攻擊指數
7225	離隊
7230	勝率
7231	出賽場數
7247	僅限鐵
7253	已選入 %d 名打者
7255	已選入 %d 名投手
7256	統計數據與排行榜
7261	正在建立報告
7267	單季打擊
7276	生涯投球
7279	單季守備
7280	生涯守備
7283	上傳球隊圖檔
7308	無排定比賽
7310	即將進行的比賽
7336	守備機會
7338	守備局數
7339	守備範圍指數
7340	阻殺數
7358	勝投球季
7359	全壘打球季
7360	打點球季
7364	連續安打場次
7368	勝率
7376	生涯投球紀錄冊
7377	現存球團
7378	過往球團
7379	球隊打擊排行榜
7381	球隊投球排行榜
7390	異動紀錄
7421	守備報告
7423	選秀紀錄
7429	最佳表現
7430	頂尖球員
7431	位置戰力/球隊
7432	位置戰力/位置
7434	最佳農場系統
7439	游擊手守備
7454	季前預測報告
7456	傷病報告
7458	生涯結束
7464	賽程評估
7470	完成續約
7473	年度最佳農場系統
7474	單場最佳表現
7486	編製報告
7487	位置戰力概況
7488	韓國大賽
7496	更新比賽記分表資料
7498	更新比賽資料
7499	更新異動資料
7512	未續約
7555	捕手守備
7586	新增比賽記分表
7588	新增精彩片段
7597	投手守備
7626	投球比賽紀錄
7629	打擊比賽紀錄
7655	國際訓練中心
7657	模擬第 %d 天
7670	設定篩選條件
7679	快速開始比賽
7680	卡片機率報告
7710	北國分區
7723	狀態與士氣
7760	PP 歷史與任務
7784	整體評價
7793	分割數據：對右投
7796	球員平均薪資
7797	避免被三振
7804	交易新聞
7812	BNN 索引
7817	突襲短打
7818	最後勝差
7826	雙殺能力
7836	外野守備範圍
7837	外野守備範圍
7842	傷兵名單狀態
7844	原始尾勁
7848	左右投分割數據
7849	雙殺能力
7860	守備位置評價
7862	守備評價
7868	Franchise Hockey Manager
7877	內野守備範圍
7878	最低局數獎金
7880	最低局數
7881	最低打席獎金
7885	內野守備範圍
7887	治療手臂
7888	治療背部
7889	治療腿部
7895	最低打席
7900	被全壘打數
7902	承諾位置
7904	內野臂力
7905	內野失誤
7906	內野守備範圍
7913	保證薪資
7915	最後守備位置
7919	聯盟平均薪資
7920	聯盟歷史索引
7924	聯盟最高薪資
7932	敗戰投手
7933	通過不可撤銷讓渡
7934	大聯盟年資
7938	牽制跑者/防止盜壘
7939	商品銷售收入
7942	對左打者尾勁
7943	對右打者尾勁
7952	外野守備範圍
7953	休息日
7966	上層聯盟
7998	總投球數
8015	守備位置評價
8028	職業年資
8038	新增傷病
8039	慢性傷病
8053	傷病資料
8059	禁賽場次
8060	禁賽資料
8068	球季平均值
8070	本年年資
8073	簽約至
8080	求勝欲
8096	對左打者球威
8097	對右打者球威
8110	球隊認領
8117	球隊薪資
8133	指叉球品質潛力
8142	上次勝率
8143	指叉球潛力
8160	近況火熱
8161	近況低迷
8168	年度球隊總計
8194	頂尖投手
8202	僅牛棚
8203	牛棚／緊急先發
8204	邊緣先發
8211	荷蘭
8231	小聯盟續約
8245	球員卡球隊
8257	生涯結束
8260	傷病期間
8265	上榜次數
8278	依類型＋球季
8281	犧牲短打
8282	高飛犧牲打
8289	全明星新秀選拔
8291	面對打者數
8293	投球數－好球數
8295	觸身球
8313	飛球傾向
8314	老闆目標完成
8315	滾地球傾向
8318	找不到異動紀錄
8320	找不到傷病
8336	外野守備範圍
8338	%num 並列
8339	%num 並列
8346	%s 名
8357	記分表／紀錄 %s
8369	遠端檔案衝突
8371	內野失誤
8372	內野守備範圍
8386	球員薪資
8389	整體戰績
8391	主場戰績
8395	對左投戰績
8396	對右投戰績
8411	創造得分
8417	投手獎項獎金
8421	對右打者控球
8422	對右打者控球
8425	對右打者尾勁
8436	指定讓渡
8442	打者獎項獎金
8445	代打
8447	%d km/h
8454	保留薪資
8455	%d 球季後
8459	不可交易狀態
8461	資格報價
8464	讓渡天數
8471	協商續約
8478	傷病傾向
8480	租借
8481	入選球隊
8488	傷病狀態
8494	高中身分
8495	承諾就讀學校
8497	PT 計算卡值
8498	PT 原始卡值
8501	球員卡詳情
8504	%team 國際訓練中心
8505	球員相關新聞
8507	中性化打擊
8508	真實守備
8510	真實打擊
8513	擴充守備數據
8514	基本守備數據
8516	守備機會
8517	守備總結
8520	擴充打擊數據
8525	年資資訊
8526	剩餘薪資
8528	對左打者控球
8543	先前報價金額
8549	競標金
8550	平均年薪
8556	對左打者尾勁
8557	預估預算空間
8581	%d 次捕手妨礙
8590	%d 支長打
8596	自動續約選擇權
8597	%d 場先發
8598	球員選擇權
8599	球隊選擇權
8600	%d 支安打
8601	套用至全部
8606	%d 支全壘打
8607	升級後薪資
8615	%d 打席
8618	已看 %d 球
8629	%d 支一壘安打
8635	%d 支高飛犧牲打
8641	%d 支三壘安打
8650	球員入場
8651	初始化球隊
8658	%d 次失誤
8661	%d 次捕逸
8673	%d 次守備機會
8675	編輯攝影機視角
8676	%d 打數
8679	面對 %d 名打者
8684	圍牆類型
8687	編輯看台高度
8688	%d 場完投
8691	編輯圍牆定位點
8703	%d 場終結比賽
8706	%d 次中繼成功
8709	%d 次觸身球
8713	%d 敗
8714	模型資訊
8715	%d 球
8716	%d 場優質先發
8717	模型名稱：球
8718	%d 次後援出賽
8727	%d 次救援機會
8730	%d 勝
8772	平均溫度 °F
8782	載入示意圖
8787	球場圖片檔案
8794	整體全壘打
8795	整體打擊率
8798	經度
8799	緯度
8803	球場代碼
8810	遊戲音效已停用
8828	邊緣先發投手
8834	示意圖
8846	新增球場
8863	新國家
8873	採用日光節約時間
8880	壘指導教練
8881	球隊老闆變更
8883	棒球計畫
8886	國家代碼
8897	指導捕手
8898	指導內野
8899	指導外野
8903	去年和局
8904	偏好天賦
8905	高度偏好天賦
8909	驚奇新人
8913	最後和局
8917	非即時球員卡
8918	去年敗場
8922	編輯州/省
8923	新增州/省
8924	飛球傾向
8926	滾地球傾向
8929	擊球類型
8936	突襲短打
8940	高於平均值
8947	快速換投
8950	慢速換投
8951	極慢速換投
8953	高度偏好數據
8954	偏好數據
8957	高度偏好球探
8962	去年勝場
8966	對左投
8967	對右投
8972	力量潛力
8975	場內球打擊率潛力
8976	場內球打擊率潛力
8978	對右投避三振
8979	對右投避三振
8990	打擊率
8996	先發投手排行榜
8999	對右投擊球
9006	場內球打擊率 vs 右投
9014	對左投避三振
9015	對手整體攻擊指數
9019	現役職業球員
9020	棒球計畫品質
9024	後援投手排行榜
9025	最後勝場
9031	去年比賽場數
9032	捕逸
9033	守備範圍指數
9038	最後比賽場數
9040	國家編輯器
9043	新人打擊排行榜
9051	打擊排行榜
9059	打數
9065	太陽襪
9076	職員生涯
9105	生涯投球排行榜
9119	身材重要嗎
9120	眾所周知
9122	極受歡迎
9158	緊急先發投手
9165	勝差
9169	全壘打能力
9184	韓國職棒
9193	澳洲棒球聯盟
9208	阿帕拉契亞聯盟
9238	選秀聯盟
9240	目前連勝／連敗紀錄
9247	PT重複卡
9253	PT進行中任務
9254	PT任務數量
9259	吹向左外野
9260	吹向中外野
9261	吹向右外野
9263	從左外野吹入
9264	從中外野吹入
9265	從右外野吹入
9275	對左投
9276	對右投
9279	PT球員卡球隊
9282	春訓
9289	承諾就讀學校
9290	傷停剩餘時間
9291	剩餘傷停時間
9299	延長賽
9305	跑者在一壘
9306	跑者在二壘
9307	跑者在三壘
9312	兩好球
9313	第一球
9315	目前傷勢
9319	士氣：球隊化學反應
9320	球隊化學反應
9322	士氣：球員角色
9327	第一棒
9328	第二棒
9329	第三棒
9330	第四棒
9331	第五棒
9332	第六棒
9333	第七棒
9334	第八棒
9335	第九棒
9336	低關鍵度
9337	中關鍵度
9358	傑出後援投手
9362	辭去目前工作
9373	球員化學反應值
9380	生涯球隊排行榜
9397	生涯戰績
9398	%s 生涯戰績
9399	執教年數
9400	只限牛棚
9403	邊緣先發投手
9407	球團縮寫
9408	夢幻球場
9422	產生年鑑報告
9449	球隊戰績
9450	升級一個位置
9452	與球員續約
9454	增加觀眾人數
9457	釋出一名球員
9475	總觀眾人數
9476	沒有老闆
9479	整體攻擊指數
9480	開啟記分表
9481	敗 %w-%l
9482	勝 %w-%l
9487	加權上壘率
9491	先發投手防禦率
9493	我方先發投手
9494	對方先發投手
9495	系列賽平手 %wg-%lg
9496	%teamname 領先 %wg-%lg
9509	被打擊率
9539	立即爭冠
9543	連續救援成功
9545	連續安打
9547	連續全壘打
9548	連續長打
9549	連續優質先發
9550	連續無失分
9553	連續盜壘成功
9554	連續三振
9555	連續代打安打
9556	連續代打全壘打
9557	無失分局數
9558	無失誤局數
9559	無安打局數
9560	無保送局數
9561	無全壘打局數
9566	%d 勝敗投
9593	飛球出局
9605	你的上一場比賽
9608	分區圖表
9615	聯盟投球排行榜
9616	聯盟打擊排行榜
9630	國際業餘自由球員
9639	偏好老將
9640	極度偏好老將
9641	極度偏好打擊
9642	偏好打擊
9643	偏好投手
9644	極度偏好投手
9645	極度偏好進攻
9646	偏好進攻
9647	偏好守備
9648	極度偏好守備
9649	極度偏好上壘率
9650	偏好上壘率
9651	偏好打擊率
9652	極度偏好打擊率
9653	極度偏好力量
9654	偏好力量
9655	偏好速度
9656	極度偏好速度
9657	高度偏好老將
9658	偏好新人
9659	高度偏好新人
9670	符合資格的新人
9701	高中四年級
9706	大學三年級
9707	大學四年級
9725	FA 最低年資
9731	由讓渡名單認領
9745	熱帶球場
9768	上一次移動
9772	模擬比賽
9780	投球攝影機畫面
9781	動作攝影機畫面
9782	動態動作攝影機
9797	生涯最佳球隊
9816	上一位打者
9819	高尺天空巨蛋
9820	場內球
9827	可用的後援投手
9828	休息的後援投手
9830	球隊守備
9854	野手站位
9855	投球順序
9858	放入代跑
9885	球場視角
9900	顯示欄位標題
9919	顯示開場平移鏡頭
9936	觀眾音量
9937	球場音量
9940	環境噪音頻率
9949	逐球實況速度
9952	每個字元
9955	顯示煙火
9957	壓縮逐球實況行數
9958	一球模式
9959	逐球模式
9990	守備排行榜
9997	資格：達標打者
9998	資格：達標投手
10002	球員：僅限新人
10003	僅限新人
10004	守備位置：合計
10005	守備位置：%s
10011	季後賽球隊
10026	建立協會
10046	季後賽名單規則
10086	刪除此協會
10112	續約薪資
10113	續約年限
10136	處理發展
10138	處理老化
10141	比賽跑壘
10142	教捕手防守
10152	積極跑壘
10156	換後援投手
10157	左/右投手對戰
10158	左/右打者對戰
10159	使用內野防守轉移
10160	使用外野防守轉移
10168	助理總經理
10177	僅現役
10189	歷史 Lahman ID
10211	偏好職業
10221	經驗年數
10234	正面關係
10235	負面關係
10236	國際球探
10237	訓練重點
10238	策略傾向
10243	讓渡認領球隊
10248	避戰
10249	內野趨前
10251	使用內野防守轉移
10252	使用外野防守轉移
10253	外野趨前
10254	認領球隊
10258	投手代打
10261	換後援投手
10268	球探價值
10277	國際FA價值
10299	老闆優先順序
10305	相機移動控制
10316	大聯盟球場
10320	選擇球場紋理
10327	上一個球場
10328	下一個場地
10329	上一個場地
10332	下一個分區模型
10333	上一個分區模型
10356	選擇作用中的柱子
10357	鍵：游標向左
10358	鍵：游標向右
10359	柱子位置
10361	鍵：游標向下
10363	鍵：游標向上
10370	鍵：加號
10386	未指派球隊
10476	效能輕微下降
10478	談判破裂
10480	國際FA
10500	無傷病限制
10562	個人資料備註
10564	選秀已結束
10569	蛇形選秀
10570	固定順序選秀
10572	區域輪次
10578	更多聯絡資訊
10584	目前順位
10593	進階選秀球員簽約
10594	順位簽約金基準
10607	已花費金額
10608	剩餘金額
10623	跳過此順位
10624	選秀並報價額度
10630	自動完成全部選秀
10634	重設選秀順序
10651	合併所有清單
10666	載入傷病
10669	打/投
10672	簽約金需求
10673	建議額度
10677	%d球季
10678	生效選擇權
10679	球隊選擇權
10680	球員選擇權
10684	報價額度
10694	區域輪次
10695	載入場外傷病
10696	剩餘球員
10716	球隊缺乏領導力
10727	產生虛構賽程表
10728	產生春季賽程表
10740	比賽類型
10744	對調球隊
10752	選擇客隊
10754	賽程表已產生
10756	賽程表產生器
10771	球隊缺少總教練
10784	過往：其他
10788	過往：背部
10794	過往：手臂
10801	過往：腿部
10804	完美點數
10807	復健：其他
10809	載入球探資料組
10811	未連線
10813	連線伺服器中
10846	勝利貢獻值
10849	比賽中跑壘指導
10871	指導捕手防守
10878	指導捕手
10899	設定繼續按鈕
10916	分配教練角色
10926	選秀球員
10929	設定投手陣容
10933	卡 ≤ 青銅
10936	考察國際球員
10938	續約年數
10939	續約薪資
10940	續約薪資
10948	合約年份
10965	聯盟層級縮寫
10976	所有錦標賽
10977	公開錦標賽
10989	在 Facebook 上發文
10998	未完成交易
11004	選擇篩選條件
11007	新聞報導
11016	開啟自動化面板
11017	聯盟主席操作
11018	球隊比賽回顧
11026	交易與異動
11028	傳統錦標賽
11029	完美選秀錦標賽
11030	你的錦標賽
11035	重設篩選條件
11071	已安裝修補程式
11081	無效序號
11083	授權已啟用
11096	授權無效
11115	登出成功
11118	線上登出
11131	錦標賽獎勵
11134	錦標賽準備就緒
11143	完美選秀錦標賽
11154	OpenGL 問題
11175	開啟擴編精靈
11191	目標存檔名稱
11193	匯入存檔
11201	載入所選存檔
11211	找到 %d 支球隊
11264	找到 %d 位教練
11265	手動離線授權
11267	授權說明
11276	嘗試新授權
11278	線上說明
11282	無篩選條件
11283	自訂篩選條件
11296	完美球隊無法使用
11303	僅限合格者
11330	系列賽長度
11338	球季結束
11346	球季總計
11348	系列賽即將開始
11356	非活動卡
11367	遊戲社群
11380	%s 呎
11382	球隊球衣資料夾
11405	天賦評價
11408	教練團設定
11423	短期傷病頻率
11427	長期傷病頻率
11434	最佳符合
11489	聯盟
11490	組別
11491	計算中
11510	準季後賽
11513	準決賽
11514	種子排序
11515	資格賽
11518	分組
11520	澳洲
11533	激流隊
11535	天蠍隊
11537	西貒隊
11538	驚奇隊
11545	成功
11548	警告
11568	未知
11569	計數中
11571	已找到
11574	紅色
11583	紫色
11595	提醒
11605	魔球
11606	逆轉
11611	觀眾人數
11620	準決賽
11621	八強賽
11632	完美
11642	世界
11679	全部
11684	球團
11690	私訊來自
11718	禁賽
11755	輪空
11786	新人
11791	安打
11796	現役
11800	來自老闆的私訊
11825	球場
11826	球場
11827	球場
11831	天使
11844	太空人
11865	她
11876	女士
11887	分割數據
11889	連續紀錄
11891	疲勞
11893	未熱身
11894	熱身中
11909	%n 次 %a 得主
11910	%n 次入選全明星
11915	%n 年資老將
11916	首次續約
11920	續約
11923	潛力
11927	待定
11928	紀錄
11932	首頁
11946	目前長打力評價
11947	潛在長打力評價
11962	目前球速
11985	釋出
12023	簽約
12032	勝
12039	日報
12042	新聞
12044	時報
12051	國家
12052	德州
12054	入選
12080	澳洲
12097	義大利人
12114	春季
12150	取消
12160	男性
12167	已選聯盟
12177	新增
12186	牛棚畫面
12189	投球數
12197	對方投手
12201	簽續約
12202	簽合約
12204	設定遊戲流程
12210	良好
12211	板凳
12213	原始
12217	已選先發陣容
12237	聯盟擴編精靈
12244	通知
12248	方法
12251	可選連線設定
12253	送出
12261	選填
12290	大聯盟
12295	總經理請求視窗
12313	投手
12315	後援投手
12316	終結者
12317	清除
12318	或
12321	低
12328	錦標賽
12329	捕手
12339	重設
12341	選擇賽制
12360	模糊
12363	戰績／排行榜
12370	磅
12375	小
12376	大
12377	極慢
12378	慢
12380	快
12384	直線
12394	工作中
12397	自訂
12410	透明度
12411	十六進位
12414	現任總教練
12420	功能
12423	投球
12432	自動進行至指定日期
12444	上一個
12450	從不
12467	設定遊戲畫面
12469	尺寸
12470	記分板
12474	自動調整
12475	進階模式
12487	還原 IAP
12490	動態
12526	顯示
12531	STEAM 工作坊
12540	完成
12549	最後打席
12550	球季
12556	球數 2-2
12557	球數 1-1
12604	再見一壘安打
12606	再見滿貫全壘打
12614	終場
12615	投球
12616	壞球
12660	守備
12663	短
12671	%d 支安打
12681	接高飛球失誤
12707	上半局
12709	觸擊
12711	得分攻勢
12712	開場
12716	煙火 1
12717	煙火 2
12734	複製中
12742	已授權
12743	未授權
12745	被授權人
12746	玩家代號
12750	可用
12752	關注名單
12759	年鑑
12762	管理
12763	擔任
12764	即時比分
12767	比賽選單
12773	2倍速
12774	5倍速
12775	10倍速
12776	20倍速
12777	40倍速
12778	60倍速
12779	120倍速
12784	自動進行至事件
12786	OOTP GO 設定
12829	雙敗淘汰制
12846	差距
12854	代班先發 #1
12855	代班先發 #2
12862	佈局投手 #1
12863	佈局投手 #2
12864	佈局投手 #3
12865	佈局投手 #4
12899	無
12900	差
12901	普通
12902	優秀
12907	忙碌
12908	%d呎%d吋
12909	%d吋
12933	游擊手
12935	新人
12939	守備範圍
12941	一壘安打
12949	完全打擊
12951	高於五成勝場
12952	字母
12956	快訊
12957	客場
12958	已確定晉級
12959	球員名單，字母
12969	商品銷售
12970	平手
13010	餘額
13014	董事會
13015	由
13018	冠軍數
13024	日期
13036	守備位置評價
13041	起訖
13042	遊戲
13044	外野空檔
13050	遭禁賽
13054	職位
13055	上球季概覽
13062	連結
13064	執教紀錄
13065	執教評價
13072	路徑
13075	順位 1
13076	順位 10
13077	順位 11
13078	順位 12
13079	順位 13
13080	順位 14
13081	順位 15
13082	順位 16
13083	順位 17
13084	順位 18
13085	順位 19
13086	順位 2
13087	順位 20
13088	順位 21
13089	順位 22
13090	順位 23
13091	順位 24
13092	順位 25
13093	順位 26
13094	順位 27
13095	順位 28
13096	順位 29
13097	順位 3
13098	順位 30
13099	順位 4
13100	順位 5
13101	順位 6
13102	順位 7
13103	順位 8
13104	順位 9
13108	守位
13109	守備位置
13112	打擊潛力評價
13120	角色
13121	跑壘/觸擊評價
13122	薪資
13126	分項數據
13132	連勝/連敗
13137	禁賽
13144	傾向
13148	時間
13155	觸發
13163	客隊
13171	寬
13179	指叉球
13196	多雲
13197	下雪
13198	下雨
13200	度
13207	結束
13208	下半
13209	上半
13211	已訂閱
13230	延賽
13237	%d 分
13245	沒錯
13246	耶耶耶
13248	中等
13252	左右開弓
13255	左右開弓
13256	全部
13260	即時
13266	非現役
13267	保留名單
13275	未知
13291	賽伯計量
13295	未知
13301	耐心
13305	低
13321	尚可
13336	極小
13337	小
13339	大
13346	投手
13347	捕手
13349	後援投手
13360	滿意
13374	慷慨
13383	未知
13385	尚可
13388	後援投手
13394	後援投手
13396	應急先發
13400	接替投手
13405	接替投手
13443	主場
13444	客場
13445	草地
13446	人工草皮
13447	白天
13448	夜間
13449	接戰/後段
13453	球數 0-1
13454	球數 0-2
13455	球數 1-0
13456	球數 1-1
13457	球數 1-2
13458	球數 2-0
13459	球數 2-1
13460	球數 2-2
13461	球數 3-0
13462	球數 3-1
13471	全部
13483	刪除中
13493	耐操
13501	效率
13508	內野高飛球
13512	一壘安打
13514	左中間
13515	右中間
13516	右邊線
13518	尚可
13524	側投
13525	下手投
13528	先頭全壘打
13530	尚可
13542	壞球
13543	好球
13552	天氣/球場
13553	觀眾人數於
13554	觀眾人數於
13556	揮棒
13557	界外球
13559	中繼成功
13560	最近全壘打
13561	勝利機率
13562	即時逐打席實況
13563	可自訂
13565	巨大
13568	服役年限
13569	補償
13575	服役年限設定
13576	選秀設定
13582	季後賽
13595	套用
13598	積極
13599	很少
13603	偏好
13605	重設相機畫面
13612	下一個 ＞＞
13616	內移
13617	外移
13618	新增柱子
13619	刪除選取項目
13623	儲存球場
13631	州數量
13662	額度
13687	要求
13689	蛇形順序
13694	失敗
13704	輸入授權金鑰
13705	載入授權
13714	登出
13715	使用完美球隊遊玩
13717	下次模擬於
13735	卡片 ≤ 94
13737	最低銀
13738	最低金
13739	最低鑽石
13740	卡片
13743	每月
13746	已淘汰
13748	立即遊玩
13749	類型篩選
13760	獎勵
13762	報名球隊
13769	步驟
13770	試玩期已結束
13771	稍後
13774	禁止
13779	載入聯盟/錦標賽
13783	註冊
13794	線上商店
13796	球團模式
13797	完美球隊模式
13800	購買球季
13808	系列賽對戰
13810	比賽數據表
13816	進階
13823	較年長
13825	新增聯盟
13862	系列賽戰平
13871	從......中移除
13872	局
13873	快速進行至
13874	強制
13875	測試守備
13882	先發陣容與板凳
13884	使用
13886	球場視角
13889	重播上一段逐球紀錄
13890	更多
13891	打席間暫停
13897	每日觀察
13899	可能於此之後復出
13902	補償
13906	未簽署延長合約
13908	非賣品
13910	認領球隊
13912	領先
13913	落後
13915	勝率
13916	入選
13917	完整歷史
13918	總覽
13920	對戰
13922	雙重分項數據
13923	進行中連續紀錄
13924	連續紀錄
13926	已中斷連續紀錄
13931	還原
13936	原始除錯資料
13937	最少
13938	較少
13939	最多
13948	聯盟選秀紀錄
13950	Player_history 紀錄
13958	春訓選項
13963	力量潛力
13964	選球潛力
13978	設定為
13979	編輯器
13981	隸屬
13989	匯出
14003	全球
14005	查看進階模式
14014	較慢
14016	難度
14017	繼續
14018	球隊洗牌
14024	篩選入選者
14025	不限
14026	套用篩選
14027	出生
14029	里程碑
14030	需求
14035	得票數
14042	延長合約
14044	交易名單
14045	歷屆冠軍
14046	賽程與比分
14048	球季中
14053	比賽取消/改期
14055	繼續比賽
14057	加賽
14058	繼續模擬
14059	暫停模擬
14063	以 %r1-%r2 擊敗
14064	以 %r1-%r2 不敵
14066	開始比賽
14069	得分過程
14071	加賽
14072	加賽勝者
14073	加賽敗者
14076	備註
14084	錦標賽對戰
14085	球季對戰
14086	季後賽對戰
14087	小組排名
14090	觀看
14093	門票
14095	勝率增加值
14096	加權上壘率
14097	擊出雙殺打
14100	加權得分創造
14103	打擊得分貢獻
14105	盜壘得分貢獻
14106	跑壘得分貢獻
14117	時間範圍
14118	歷來
14127	報價
14131	已退回
14132	經由
14134	人員
14139	報價
14141	配對
14148	除錯重新整理
14158	簽約
14160	兜售球員
14161	主力球員
14163	立即兜售
14165	收件匣
14175	銅牌成就
14176	尚未解鎖
14177	啟用
14178	重複
14179	收件者
14181	查看個人資料
14183	釋出
14184	球團
14199	備註
14207	日期/時間
14221	%ab打數%h安打
14224	觀察名單
14229	滿意
14236	模擬至
14237	繼續至事件
14238	上一場比賽
14241	完成本週
14242	繼續對戰
14243	繼續於
14245	比賽於
14246	選定的觀察名單
14247	最近查看的球員
14250	首府
14251	州/省
14252	州/省
14253	人口數
14256	海拔
14257	城市篩選器
14261	海拔
14262	音效
14268	地面材質
14270	左打打擊率
14271	右打打擊率
14286	平面數量
14293	刪除
14296	目前視角
14299	夜間
14303	績效獎金
14305	選擇權
14306	選擇權類型
14308	買斷金
14315	預估其他支出
14319	到期
14327	查看/編輯備註
14328	紅衫球員
14330	與...交易
14331	休息
14333	原因
14336	不允許延長合約
14337	除錯簽約
14341	不可交易條款
14357	部位
14360	螢幕設定
14362	欄
14364	對手
14366	守位/角色
14382	編輯數據列
14383	分項打擊數據
14384	擴充投球數據
14385	分項投球數據
14387	圖庫
14388	任務
14396	選秀倒數
14403	歷史 MLB
14406	進階設定
14408	球衣
14411	自訂球場
14413	自訂您的球隊
14424	新功能
14429	球隊篩選
14437	好友
14444	完美聯盟球季
14445	等級篩選
14460	目前選擇的點數
14463	類別篩選
14466	顯示前幾名
14485	最高價值
14486	最低價格
14487	最高價格
14491	出價
14506	購買卡包
14512	取得更多卡包
14519	全包組合
14526	財務
14534	檢舉這支球隊
14538	基準
14544	草地
14547	編輯球場
14548	指派新球場
14561	觀眾人數圖表
14573	至
14576	目前報價
14578	先發
14580	清除深度表
14583	賽伯計量
14591	接替投手
14594	嚴重程度至少
14610	耐心
14613	收入
14615	支出
14619	續約資訊
14620	戰績歷史
14628	未來薪資
14635	當地
14636	最低
14638	所需
14639	盈虧
14642	對左投統計
14643	對右投統計
14644	對左投打擊能力
14645	對右投打擊能力
14647	小幅領先
14654	對左投長打力
14662	寫實
14663	嚴格
14664	先發投手擔任中繼
14668	選擇先發投手
14671	換下先發投手
14678	搜尋職缺
14689	立即下載
14699	兩者
14714	洲
14722	任務
14724	通用篩選
14726	寄件者
14728	守位
14731	聲望
14743	正面
14744	負面
14763	防-攻
14766	支出
14768	和局
14771	解僱
14772	角色
14773	認領
14774	影響力
14779	潛力
14781	交易
14782	球隊
14783	表現
14784	角色
14788	傷病
14799	進行中任務
14802	鎖定
14805	長打力
14820	球種
14821	滾地/飛球
14835	速度
14847	已下放
14849	要求
14851	簽約
14862	候選名單
14866	球探
14867	球探準確度
14880	順位
14894	分組
14899	啟用/停用
14915	模式
14916	收入
14917	支出
14930	槓桿
14935	守位鎖定為
14945	內野高飛球出局
14946	平飛球出局
14948	打出內野高飛球出局
14996	獲得 1 次保送
15001	打了%h-%ab
15013	帶領進攻
15015	打了%h-%ab
15022	有 %d 個打點
15024	獲得 %d 打點
15029	%ab 打數 %h 安打
15034	落後 %wr-%lr
15035	戰成平手 %wr-%lr
15036	領先 %wr-%lr
15043	沒有勝投
15044	沒有救援機會
15049	球速
15050	沒有後援登板
15052	沒有投球
15074	優質先發
15078	沒有面對打者
15079	沒有打數
15084	沒有捕逸
15087	中繼成功
15090	保送
15097	沒有高飛犧牲打
15099	沒有一壘安打
15103	沒有看到投球
15104	沒有打席
15111	復健
15122	高飛犧牲打
15191	外角高球
15193	外角高球
15194	內角高球
15200	紅中
15208	外角低球
15231	敗投（%w-%l
15233	勝投（%w-%l
15236	救援成功
15240	優質先發
15246	擊球（潛力
15247	力量（潛力
15248	選球（潛力
15260	中繼成功
15271	分項數據（目前：%s
15319	優質先發
15347	中繼成功
15450	入門分組聯盟
15451	完全比賽
15457	捕逸
15465	對手上壘率
15500	勝利貢獻值
15515	x 人取得資格
15516	x 獲勝
15581	獲得 5
15628	國家隊
15646	拍賣
15672	一般守備機會
15720	故意輸球（'擺爛
15722	已上架
15724	匯入/匯出
15726	從租借中移除
15727	困難守備機會
15734	國聯
15736	美聯
15770	購買卡包
15777	說明（F1
15810	被故意保送
15823	獲得保送
15837	首輪補充選秀
15916	擊向右中外野淺處
15919	擊向左中外野淺處
15955	野手選擇
15958	讓渡
15963	指定讓渡
15973	跑壘
15974	投球
15985	禁賽
16026	球季長度（天
16048	歷史
16049	虛構
16060	覆蓋了 %s 個觀察名單
16074	停用（使用預設值
16079	無（停用執行緒
16110	短（150 毫秒
16111	否（最佳化可讀性
16124	外觀（*建議重新啟動
16130	休兵日
16191	安全 FTP（TSL
16192	安全 FTP（SSL
16200	高於平均（75%
16209	建立虛構球員
16218	已中斷連線
16219	重新連線
16259	復出日期未定
16310	LG
16313	守位（簡稱
16314	職務（簡稱
16315	目前職務（簡稱
16316	姓名（簡稱
16318	球隊（簡稱
16320	聯盟（簡稱
16321	聯盟
16323	聯盟等級（簡稱
16325	投球手（簡稱
16335	比賽數據表檔案
16342	傷勢不明
16345	打帶跑
16358	優質先發
16362	未公開傷勢
16371	例行賽
16393	投球（短
16420	高中/大學
16421	高中/大學
16425	生涯
16440	長打率 %
16457	面對打者數
16481	近10場
16483	上一個動作
16490	勝利貢獻值
16497	所有守位（全球
16498	所有守位（%s
16512	球隊
16586	接替投手
16617	在延長賽中
16618	亞利桑那秋季聯盟
16640	觸擊
16668	賽伯計量（偏好分項數據）
16687	備註（公開
16688	聯絡方式（公開
16692	總教練+總經理
16696	卡片限制（升序
16698	名單限制（升序
16700	模式（升序
16704	最大球隊（升序
16708	建立時間（升序
16714	已滿
16717	非即時
16718	即時
16747	聯盟
16770	增加
16783	老闆優先順序（1-5
16821	球速
16832	重播逐打席實況（F10
16834	選擇比賽畫面
16836	打出飛球出局
16838	受傷（逐日觀察
16851	打出平飛球出局
16870	投手獨立防禦率
16914	NEU
16918	自由球員（%s
16919	續約（%s
16930	未公開的傷勢
16955	一項錦標賽
16963	鐵牌等級
16974	vs 右投
16975	vs 左投
16977	相似球員（生涯
16980	佈局投手
16984	後援
16993	後援
17012	傳奇
17031	宣布
17042	BB/9（每九局保送）
17044	打擊能力值（OSA
17048	40人名單服役年限
17059	最年輕
17093	6個月後
17094	3個月後
17096	2個月後
17097	1個月後
17098	2週後
17099	24小時後
17100	12小時後
17106	1小時後
17116	6個月後
17117	最年長
17119	勝率
17122	6+安打
17124	3+全壘打
17125	3個月後
17126	2個月後
17127	1個月後
17128	2週後
17129	7天後
17131	3天後
17132	24小時後
17133	MLB 與 MiLB
17137	12小時後
17138	1小時後
17153	截止日
17155	沒有傷病
17157	K/9（每九局三振）
17172	首屆選秀名單
17215	需要更換字型
17220	96
17237	86
17279	1 個選秀權
17291	62
17296	讓渡認領無效
17345	24
17347	22
17348	21
17406	投票
17423	未續約
17426	無
17427	祝您玩得開心
17456	投手獨立防禦率
17457	於輪次
17482	2020 MLB 球季
17485	生涯500勝
17488	生涯1500勝
17509	第一名選票
17524	整場比賽
17548	無法出賽
17552	找到 1 支球隊
17560	清單
17571	飛毛腿
17572	找到 1 則訊息
17573	則訊息
17574	右投
17575	左投
17577	現役
17580	自動進行到開幕戰
17581	＜ 上一頁
17591	重砲 %p
17594	＜＜ 上一頁
17595	防守靈活的 %p
17596	中外野
17600	先發/主力
17602	在捕手位置
17604	無選擇權
17606	規則5資格
17608	必須為現役
17619	在游擊
17624	對手打擊分項數據
17634	延長賽
17642	清除球場
17651	由他們的終結者
17653	蓄力動作
17656	1 次打數
17657	1 次機會
17658	1 個決定
17667	打回1分
17670	投手獨立防禦率
17673	9局三振率
17676	右中外野
17696	視角
17719	擊出二壘安打
17726	薪資 %s
17733	獲得 %number 次 %championship
17738	傷勢診斷
17739	奇才
17760	觸殺
17771	德國棒球甲級聯賽
17775	第6局以後
17777	第7局以後
17783	第8局以後
17784	第8局以後
17785	第9局以後
17794	mph
17805	球季數據
17812	手肘
17817	MLB 即時卡
17833	公尺
17842	前 %d 名
17843	mph
17859	%b1 得分
17865	高中出身
17869	大學出身
17886	輕微
17887	中度
17891	鬥志
17892	對世界隊
17894	明星球員
17897	匯入球員
17898	第7局以後
17899	第8局以後
17901	第9局以後
17913	打線空缺
17915	髖部
17919	1 勝投
17924	對 %s
17927	1 次救援成功
17932	%hr 支全壘打
17933	1 次後援出賽
17935	1 場優質先發
17937	1 球
17940	1 敗投
17947	擊出三壘安打
17953	新秀聯盟
17960	1 次盜壘失敗
17961	1 場完投
17965	一壘側休息區
17967	三壘側休息區
17968	1 面對打者
17970	1 次打數
17972	1 次守備機會
17980	1 次捕逸
17987	1 次雙殺
17988	擊球潛力
17999	1 次犧牲短打
18000	1 次高飛犧牲打
18003	1 支一壘安打
18011	1 次打席
18020	選秀順位
18025	1 場先發
18034	1 支二壘安打
18049	3分
18050	3分打點
18052	2分
18053	2分打點
18071	供自由球員
18074	供延長合約
18089	公告入札球員
18133	秒
18163	守備率
18175	救援成功率
18183	附屬球隊
18194	換行
18200	兩出局打點
18235	球員連續紀錄
18239	三壘側看台
18240	一壘側看台
18253	10：最高
18264	擊出一壘安打
18268	球員獎項
18273	球員單場投球
18295	現役名單
18302	球員單場打擊
18309	球員合約延長
18315	5+ 安打
18317	無球僮
18330	對戰
18331	潛在球威
18344	總比賽數
18358	贏得系列賽
18375	服役年限（年
18382	前進 >
18398	%trade1 換 %trade2
18401	列入傷兵名單
18427	連同
18458	被禁賽
18472	球季回顧
18474	簽約加入
18479	刪除目前候選名單
18483	敬上，{nl}%s
18493	被禁賽
18496	換取
18506	3 安打或更多
18523	天後
18528	認領
18529	1 支安打
18575	<b>%s 得分</b>
18579	英里/小時<br>
18586	2天
18599	已認領
18610	<b>一壘安打</b>
18620	系列賽領先
18621	%trade1 換 %trade2
18632	已認領
18649	經讓渡取自
18697	已認領
18738	自動續約
18739	%d OSA排名
18769	阻止釋出
18772	例行賽結束
18784	場內
18812	%s 在主場
18827	游標向下鍵
18829	游標向上鍵
18831	點選以重新整理
18848	0（停用自動調度
18869	最低
18891	已檢查
18895	無標題
18903	人名單
18906	補充
18924	投手人數上限
18925	打者人數上限
18926	已解鎖成就總數
19558	正在下載 rosters.csv
19559	正在讀取 rosters.csv
19590	只有 1921 年以後
19591	只有 1946 年以後
19592	只有 1961 年以後
19593	只有 1980 年以後
19594	只有 1993 年以後
19628	打者勝利貢獻值
19629	投手勝利貢獻值
19635	畫面教學
19667	P 潛力
19668	C 潛力
19669	SS 潛力
19670	LF 潛力
19671	CF 潛力
19672	RF 潛力
19687	現役總教練
19707	畫面教學
19715	範例對話視窗
19743	載入逐步教學
19744	載入教學
19753	其他教學影片
19793	畫面教學
19794	自訂
19822	範例_對話視窗
19832	3B 潛力
19833	1B 潛力
22931	禁止內野守備位移
22952	選秀抽籤球隊
22966	玩全壘打挑戰
22988	球衣數量已達上限
22992	新增替代球衣
22998	更換球褲
23003	球衣場合設定
23010	球衣名稱
23033	名單擴編結束
23080	最低出售訂單
23104	正在下載 transactions.csv
23136	重新命名自訂觀察名單
23137	重新命名觀察名單
23184	選擇球衣
23197	訂單價差
23199	詳細訂單價差
23204	經由
23216	主場球衣預覽
23217	客場球衣預覽
23225	球員卡清單大小
23232	出售
23259	聯盟
23282	高中/大學
23290	原背號 #%d
23324	要求驗證碼
23328	驗證代碼
23359	解壓縮壓縮檔
23406	載入先前購買
23435	載入球季
23478	入札球員
23511	提交選擇
23522	從自動儲存還原
23553	聯盟已舉辦年度國際展示會，邀集來自各國的頂尖新秀參與。這是一年中對全球新秀而言最重要的時刻，讓最優秀的國際業餘球員進入全聯盟球探的關注名單。{nl}{nl}今年，以下球員應會成為各隊最受矚目的焦點
23560	%n，早安，{nl}{nl}我們剛完成本月的私人訓練營，邀請了許多年輕的國際業餘自由球員參與，我們希望他們能在未來幾年為球隊帶來幫助。很高興能親自與這些球員見面並更深入瞭解他們，我也得以提升對所有受邀球員的球探評價。
23562	聯盟已舉辦年度國際展示會，邀集來自多個國家的頂尖新秀參與。這是一年中對全球新秀而言最重要的時刻，讓最優秀的國際業餘球員進入全聯盟球探的關注名單。{nl}{nl}球員名單現已可於聯盟選單/交易區段中查看，但必須等到國際簽約期開始後才能提出任何報價。{nl}{nl}今年，以下球員應會成為各隊最受矚目的焦點
23565	來自球隊老闆%name
23566	改善球隊默契
23567	%str 本球季
23570	日本職棒
23606	此球結果
23620	此球員無法被選秀，次級名單已滿
23630	此版本《OOTP》已設定連線至Perfect Team開發伺服器，而非正式伺服器
23631	若可找到更好的內容，是否想讓《OOTP》搜尋存檔的隊徽、色彩XML檔及球衣材質，並替換該圖案
23635	在交易中使用人類總經理聲望系統
23637	使用交易截止日設定
23640	是：%n個額外交易時段
23643	在每個球季前自動調整聯盟總和係數，以獲得更精確的數值
23647	第四棒
23648	預期排在第四棒打擊
23651	檢查所有球隊與聯盟的隊徽及球衣材質檔案
23660	替代球衣
23661	停用所有球隊與聯盟的替代球衣
23662	刪除所有球隊與聯盟已停用的替代球衣
23663	刪除所有球隊與聯盟的替代球衣
23665	自動在每個球季檢查球衣更新
23666	將於季前開始時，從色彩XML檔匯入聯盟的所有球隊，並套用球隊顏色及球衣的更新
23667	從色彩XML檔匯入所有球隊及聯盟
23668	將所有球隊及聯盟的所有球衣匯出至色彩XML檔
23669	啟用客場與替代球衣
23670	你將無法使用「讓交易談成！」按鈕來促成交易，且必須仰賴自己的判斷與副總經理的意見
23683	您是否想要停用所有球隊及聯盟全部的替代球衣？{nl}請注意：將關閉「主場」與「客場」的所有替代球衣選項，且之後若需要，則必須手動啟用
23684	確定嗎？{nl}這將刪除所有球隊及聯盟全部已停用的替代球衣？{nl}請注意：已停用的替代球衣，為關閉「主場」與「客場」選項的球衣
23685	確定嗎？{nl}這將會刪除所有球隊與聯盟的替代球衣
23686	是否要從%folder的色彩XML檔案匯入所有球隊與聯盟的顏色與球衣設定值？{nl}這將新增替代球衣並更新現有球衣
23687	停用所有球隊與聯盟的替代球衣
23699	國際獎金池交易在簽約期開始前關閉
23704	你已正式提出報價，請等候總經理回覆
23706	這將撤回此交易提案。對方總經理對此決定會很不滿。仍要繼續嗎
23707	正在處理交易截止日交易……第%a步，共%b步
23711	交易截止日尚未完成。仍要繼續嗎
23714	是否要保留此球場目前的球場效應
23715	是否要保留所有球場目前的球場效應
23717	使用E與R鍵在前後全壘打牆柱間切換
23720	你必須等到國際自由球員簽約期才能向此球員報價
23721	我有來自其他球隊高於你剩餘獎金池的報價。我很喜歡你的球隊，但若你無法提供更高金額，我將與他們簽約
23725	簽下此球員可能導致下個簽約期失去選秀權與國際簽約獎金池
23729	限制擊出球品質的能力
23746	要求球探完成評估受邀球員
23758	交易截止日已開始。請推進截止日事件以繼續截止日
23760	請先完成即時模擬再開始交易截止日
23762	請先完成交易截止日事件再開始比賽
23766	對左打者PBABIP
23767	對左打者PBABIP
23768	投手對左打者BABIP評分
23771	投手對左打者全壘打評分
23777	投手對右打者全壘打評分
23786	正在處理交易截止日
23801	正在處理交易截止日交易
23807	匯出顏色與球衣設定值至顏色XML檔案
23810	您是否想要停用這支球隊所有的替代球衣？{nl}請注意：「主場」與「客場」選項將在所有替代球衣中停用，且若有需要必須手動啟用
23812	您是否想要刪除這支球隊所有已停用的替代球衣？{nl}請注意：已停用的替代球衣為「主場」與「客場」選項已關閉的球衣
23814	停用所有替補球衣
23815	刪除所有已停用的替補球衣
23817	刪除所有替補球衣
23832	動畫 - 高畫質
23833	動畫 - 中畫質
23834	動畫 - 低畫質
23836	即時開局僅適用於包含MLB或KBO的存檔
23837	在MLB/KBO開幕日之前無法使用即時開局
23844	交易截止日模擬進行中
23846	開始交易截止日
23847	繼續交易截止日
23849	開始交易截止日
23850	結束交易截止日
23854	交易截止日進行中
23857	交易截止日已開始。每隔%n，球隊將評估向其提出的交易提案
23859	下一次交易截止日模擬即將開始
23867	即時開局選項將於MLB開幕日開放，並可在任何具有更新後MLB/KBO與小聯盟例行賽排名、數據、評分與交易資料的日期開始
23874	主席模式允許你控制其他球隊並編輯球員，你對遊戲擁有完整控制權
23875	否
23882	是否要將所有球隊與聯盟的顏色與球衣設定值匯出至%folder中的顏色XML檔案？{nl}注意：同名檔案(<CITY>_<TEAMNICKNAME>.xml)將被覆寫
23887	%b1攻佔二壘(防守無動於衷
23900	僅限1900年以後
23902	弱
23904	強
23905	低
23906	高
23907	%o1，……還有其他%num個
23925	若你提出報價卻未完成交易，你的聲譽將受到重大負面影響。隨著時間推移，你的聲譽將逐漸回到平均水準
23933	關係
23946	交易截止日模擬已暫停
23947	第四棒打者
23957	例如「ruthba01,1927,ATL」。球隊為選填
23962	在接戰比賽中
23964	交易截止日時間限制(每回合
23972	直到下一個交易截止日處理時間帶開始
23979	即時開局(僅限MLB/KBO存檔
23987	交易截止日(%a/%b
23988	繼續交易截止日(%a/%b
23993	使用交易困難模式(必須向AI提出提案才能查看反應
23997	非遞增式仲裁(KBO模式
24003	若你是線上聯盟會長，請使用「代理操作」功能選擇球隊
24014	1900年以後時代
24024	你將被帶至交易截止日頁面
24051	原定比賽因天候延期
24053	安全擠壓
24058	%p被設定為二刀流球員，退場後仍會保留為DH。你可在輪到他打擊時更換打者，或於半局結束後更換投手
24059	%p被設定為二刀流球員，退場後仍會保留為DH。是否要讓%np接替投球
24062	匯出球衣至顏色XML檔時使用當前年份
24064	允許交易國際業餘自由球員簽約金額度上限
24067	依據收益分享調整國際業餘自由球員簽約金上限
24079	[%LEAGUE_NAME]會長自[%FROM_DATE_LONG]模擬至[%TO_DATE_LONG]。[%TEAM_NAME]在此期間進行了[%NUMBER_OF_GAMES]場比賽，戰績為[%WINS]勝[%LOSSES]敗[%TIES]和。聯盟目前狀態為 [%LEAGUE_STATE
24080	交易截止日進行中
24081	交易截止日即將結束。在此期間僅能完成已談妥的交易
24090	交易截止日即將結束。請完成所有待處理交易並結束交易截止日
24091	開始交易截止日時發生錯誤
24092	做得好！你已展開Perfect Team連續登入。連續登入越久，可獲得越多且更好的獎勵
24097	可用於交易、超出預算額度等用途的可用資金
24104	本季預估營收
24105	這將提升你對所有受邀球員的球探評價精確度與其對球隊的忠誠度，但每月僅能執行一次
24108	贏得%y年全壘打大賽
24115	此使用者名稱已被《OOTP 23》或更早版本建立的帳號保留。請使用該帳號綁定的電子郵件註冊此使用者名稱
24132	邀請球員參加自辦測試時發生錯誤：國際訓練名額已滿
24133	球員已被邀請參加自辦測試。你可以在球探個人資料畫面的「國際」分頁中查看所有受邀球員名單
24134	球員已從自辦測試中移除。你可以在球探個人資料畫面的「國際」分頁中查看剩餘受邀球員名單
24135	發生錯誤，無法建立賣單。{nl}請確認有足夠的完美點數並再試一次。如果問題持續發生，請嘗試重新啟動《OOTP》
24138	這將清除目前球員名單。是否要重新載入最後提交的名單，或從空白名單開始
24139	國際業餘自由球員名單公布
24144	球場因素：%al左打打擊率、%ar右打打擊率、%hl左打全壘打、%hr右打全壘打、%d支二壘安打、%t支三壘安打
24146	球季期間無法選擇球場
24154	歡迎來到Perfect Team Live——這是個刺激的遊戲模式，你的Live球員卡將根據真實MLB球員表現產生獎勵。{nl}完整規則與說明請點擊「顯示PT LIVE規則」按鈕
24162	所列總額包含本季完整薪資，即使實際只需依比例支付剩餘部分
24166	不朽球季
24173	讓3D引擎自動從3D模型中移除部分或不完整座位。變更設定後需重新載入球場
24175	讓3D引擎自動在觀眾席座位模型中新增走道。變更設定後需重新載入球場
24178	視角設定已複製至%n座球場
24179	極端投手型
24194	每位新進玩家將獲得以下內容
24208	你的完美點數不足，無法支付報名費
24210	錦標賽的報名費為%f點PP，你的餘額不足無法參賽
24211	錦標賽的報名費為%f點PP
24214	確定要清除此交易提案嗎？
24215	確定要撤回此交易提案嗎？
24216	經營你最喜愛的MLB、KBO或虛擬棒球球團
24218	開啟球員卡包，從數千張卡片中精挑細選，打造專屬於你的夢幻球隊
24226	這是他們連續第%num_str_missed年無緣季後賽，在其%num_years年隊史中共有%amount_missed次未能打進季後賽
24227	%nick_name在今年之前曾連續%num_made_row年晉級季後賽
24228	字型
24229	此球衣將於以下日期使用(天數
24233	%d位球員已從你的國際訓練邀請名單中移除
24242	敗戰處理
24247	上限為%t(每名球員%a
24251	這將把內部財務係數數值乘以10，並相應調整所有其他財務數值
24254	可用
24255	重新載入3D模型
24256	提交PT LIVE名單
24257	清除PT LIVE名單
24258	顯示PT LIVE規則
24262	人工草皮
24270	你本次訓練僅邀請了%a名球員(上限%b名)，確定要執行自辦測試嗎
24271	確定要執行自辦測試嗎
24284	%d位球員已加入你的國際訓練邀請名單。你可以在教練頁面查看名單
24285	不具備守備%spot的資格
24293	預計球員總薪資(薪資設定
24305	在交易截止日前，只要提案仍有效，你可透過上方「回覆訊息」選項完成或拒絕交易
24308	你已撤回此交易提案
24311	2023 MLB與小聯盟球季
24312	2023 KBO球季
24321	此交易需求提案已過期
24344	建立你自己的聯盟或選擇歷史 MLB 聯盟
24362	局數：4 PP
24373	預定比賽無法完成：未指派歷史先發打序
24374	預定比賽無法完成：歷史先發打序中的球員被指派至錯誤球隊
24379	若上述任一設定已變更，球員可能已依先前預設設定匯入。此操作將根據更新後設定重新計算其能力評分
24393	交易簽約金上限價值
24395	自動計算修正值
24409	球季數據快照
24411	依勝利貢獻值計算的最差交易
24412	依勝利貢獻值計算的最佳交易
24421	跑步動作
24427	提升球路
24432	新增球路
24435	國際簽約金池交易已關閉
24438	捕手引導投手的守備能力
24440	打線／投手群／教練團尚未齊全／球隊設施空缺
24441	你的聯盟主席將發送一份檔案給你，內容包含將球隊匯出檔案上傳至聯盟伺服器所需的全部資料。「匯入帳號資料檔案」按鈕將能協助你把檔案複製到聯盟的設定資料夾。此外，你將需要輸入可從主席獲得的金鑰。匯入檔案、輸入金鑰，接著點擊「檢查帳號資料檔案」，以確認《OOTP》可載入該檔案
24453	分組種子排序依據
24475	請選擇是否使用真實歷史異動與打線。使用這些選項將停用以下規則與選項：財務系統、球員名單限制、交易、選秀、傷兵、禁賽
24484	可用於簽約球員的資金
24487	預估收入／豪華稅分潤
24491	未指派歷史先發打序
24494	確定要填滿球員培育中心的所有名額嗎
24496	此動作將刪除目前球員名單，並從伺服器匯入最後一次儲存的球員名單。是否繼續？
24498	注意：目前已啟用歷史先發打序
24503	正在匯入歷史新人
24512	來自%team老闆%name的私人訊息：球季期望
24525	球隊無球探資料
24529	培育中心目前已關閉。請於休球季與春訓期間再回來查看
24538	讓AI填滿培育中心
24539	在球季開始前，該球員沒有可完成的培育計畫
24543	顯示在球季開始前無法完成的培育計畫
24549	檢查伺服器是否有更新。點數約於美東時間早上6點計算並更新
24552	是否將此打線複製至你的 PT Live 作用中打線？目前打線中的所有球員都將被此打線中的合資格球員取代。是否繼續？
24556	滑鼠游標移上時
24558	捕手接球與引導投手的守備能力
24561	捕手守備能力
24562	捕手擋球能力
24572	載入上次提交的球員名單
24589	以潛力能力評分更新數據
24591	將潛力能力評分複製為目前能力評分
24592	將目前能力評分複製為潛力能力評分
24593	整體移動
24594	以上投球評分代表「純」評分，遊戲引擎中會與球速、球路位移等其他評分結合，計算出該球員的球威評分
24599	降低被敲全壘打的能力
24600	避免被擊出強勁擊球的整體能力
24601	三振能力
24602	擊球能力為 BABIP 與避免三振的綜合能力
24604	捕手擋球能力
24626	以下設定會儲存在聯盟檔案中，且可進行調整：
24630	每秒影格數將調整螢幕更新率。若數值過低，動作可能會顯得「卡頓」。不建議設定高於螢幕可顯示的更新頻率，因為差異將無法察覺
24634	在靜態觀眾模式下，觀眾畫質將影響觀眾細節呈現
24635	在動畫觀眾模式下，觀眾畫質將改變觀眾細節呈現
24636	在動畫觀眾模式下，高效能模式將改變同時出現的觀眾不同動作數量。在靜態觀眾模式下，精細觀眾會略微移動，而簡化觀眾則僅為靜態圖片
24642	若要自訂設定，可於下方調整。這些設定也可在「檔案 -> 設定 -> 3D與 FaceGen」分頁中更改
24643	你可使用預設值，讓遊戲自動套用設定。這可依據你的電腦效能作為基準
24645	目前每秒影格數低於 24 FPS。建議在全域系統設定中選擇較低設定以提升算圖速度
24651	對左打者PBABIP
24655	開始新挑戰以遊玩本球季
24667	購買歷史MLB球季
24687	死球時代
24700	球員卡 ≤ 49
24703	每個聯盟僅可使用下列其中一種選項。若未選擇任何選項，則必須手動控制上述修正值(可直接設定，或於球季開始前手動執行自動計算
24713	門檻
24719	夢幻
24721	載入先前完美球隊Live球員名單
24723	重新整理完美球隊Live資料
24727	使用你的Live球員卡填滿球員名單，並依其實際表現每日獲得PP，另有每週與每月排行榜獎勵
24728	你收藏中的任何Live球員卡都可在球員名單中佔據一個位置，且須依其球員卡預設守備位置出賽(注意：大谷可於SP與DH/工具人出賽，但每日僅能出現在一個位置)。任何打者皆可用於DH或工具人位置。球員不得在球員名單中重複出現
24730	清除完美球隊Live資料
24746	BABIP
24749	投球評分(打擊率=100
24753	打擊評分(打擊率=100
24767	保送/觸身球：3 PP
24773	獲得總點數
24776	獲得 1
24779	球季結束後，請在經典《OOTP》模式繼續，或開始新的征程
24789	犧牲短打頻率(投手
24790	犧牲短打頻率(打者
24796	年份/指定打擊/球場
24806	球員名單將於%date生效
24809	顯示完美球隊Live計分(打者
24810	顯示完美球隊Live計分(投手
24815	當時的
24840	比賽將在%bp進行(AVG %avgl/%avgr, HR %hrl/%hrr, 2B %2b, 3B %3b
24863	我也已完成整理他的進展報告，以下是我對他進入球季前的觀察
24877	若啟用了即將建立的遊戲挑戰模式，將可體驗《OOTP》新的遊玩方式。你將盡享流暢的遊戲玩法、可收集全新的成就與獎勵，並會在打造棒球王朝時面對額外的挑戰。{nl}{nl}挑戰模式與經典的《OOTP》體驗有以下不同之處：{nl}- 已關閉主席模式、夢幻選秀與球員編輯器{nl}- 也已關閉特定的聯盟規則與設定調整{nl}- 已關閉特定AI球隊操控設定{nl}- 休球季期間，僅可遊玩長期模擬賽(「自動遊玩至……」){nl}- 遊玩遊戲時，可解鎖全新的遊戲內成就{nl}- 解鎖成就有時可讓你獲得「完美球隊」球員卡包！{nl}- 你的成就及球季分數將記錄在你的《OOTP》線上個人資料(只要維持登入狀態)，能讓你與全球各地的《OOTP》玩家比較各自的職涯及榮譽
24915	為成功的球季乾杯
24917	隨著球季結束，此模式的引導部分已完成
24921	每次挑戰都會在球季過程中帶來新的情境
24928	等級
24956	你可在球員的球探頁面查看完整報告，其中也會包含自上次觀察後的其他變化(若有)
24963	停用所有比賽計分板／比賽紀錄等
24973	調整跑者可自三壘進壘時發生高飛犧牲打的機率
24980	調整飛球與平飛球形成雙殺的機率
24981	調整好球被偷好球及壞球的比例
24989	是否要將%p以代跑身分換至第%n棒，取代%o
24992	是否要將%p放進打線第%n棒，取代%o
25003	聯盟開幕戰到了，你的球隊旅程正式展開。表現會如何
25021	正在儲存
25035	調整飛球落至內野(內野飛球或平飛球)或外野(平飛球或飛球)的比例
25036	調整球員在比賽中嘗試多推進一個壘包的機率(42 = 預設
25037	調整外野手長傳觸殺跑者的機率(預設 = 0.3
25041	你可在自由球員名單或指定球隊名單中找到匯入的球員(若於球員資料文字檔中指定)
25042	雨天
25053	整體而言，交易中%t %g <%w:value_%v#0> 勝利貢獻值
25075	低槓桿
25076	中槓桿
25077	高槓桿
25085	球隊默契總覽——完整球隊
25086	球隊默契總覽——預備名單的潛在球員默契
25090	在歷史重播模式中，球員評分將於每個球季重新計算
25095	直接將新人匯入球隊
25099	球隊默契總覽：
25105	可在這裡指定是否要於每個球季重新計算球員評等，或者是否要使用《OOTP》球員發展引擎
25114	僅限＞1910
25131	先發
25132	替補
25133	初期
25134	中期
25135	末期
25137	滿壘
25158	分項         _
25159	雙重分項    _
25179	使用歷史分項數據
25185	球員評分僅依據當前球季
25186	評分將依據當前球季以及前後各1個球季
25187	評分將依據當前球季以及前後各2年
25190	每個球季將舉行新人選秀以分配新球員
25204	對右投打擊率
25205	對左投打擊率
25214	新增球種至其球路庫中
25225	改善跑壘動作機制
25305	顯示在球季開始前無法完成的培育計畫
25399	蠟筆
25459	停用球員培育重心
25460	修正值已設為在下個球季開始時自動計算，以確保初始準確度
25462	設定球員培育重心
25463	防止AI為%pname調整重心
25471	設定球員名單失敗，因未通過合理性檢查
25485	小聯盟球員培育重心
25502	同時使用重新計算與OOTP培育引擎
25523	促銷代碼
25524	兌換促銷代碼
25529	完美球隊直播表現
25530	PT Live球員表現
25531	完美球隊直播排行榜
25532	完美球隊直播排行榜
25568	顯示球隊化學反應系統說明
25569	隱藏球隊化學反應系統說明
25574	隨著球季結束與最後一個出局數出現，各球隊已開始展望來年。教練、防護員與工作人員隔天清晨便開始忙碌，搬動投手丘、架設設備、活動手臂，並為即將合作的球員擬定計畫。隨著培育中心的大門開啟，各球團現在可以將球員送往設施進行個人化的休球季訓練，以提升比賽中的特定能力。{nl}{nl}你可以在球隊的培育分頁找到培育設施畫面，所有規則都已在該處完整說明
25577	你昨日MLB賽事的PT Live分數與排名
25578	球隊化學反應會顯示目前達成的表現加成
25591	LoanDepot球場
25594	相當強健
25595	普通偏耐用
25597	普通偏脆弱
25623	歡迎使用錦標賽球員名單建立器！此工具是您建立與管理符合完美球隊錦標賽特定名單要求之各式球員名單的首選。遊戲最多可在伺服器儲存%s份球員名單，並在硬碟本機儲存%l份。建立好球員名單後，在報名錦標賽時即可在綠色「設定名單」按鈕旁選擇使用。準備好簡化錦標賽準備工作，並讓球隊旗開得勝
25639	你確定要刪除「%r」球員名單嗎？這也會從伺服器移除
25641	現在要將「%r」球員名單上傳至伺服器嗎？這將覆寫伺服器上的現有名單
25642	你確定現在要更新伺服器上所有先前已上傳的球員名單嗎？這將覆寫伺服器上的現有名單並上傳目前本機的變更
25650	在完成通知信中顯示實驗室專屬評分變更
25652	若同時使用重新計算與球員養成引擎，球員評分可能會在球季期間變動，但會在每個球季結束時「彈回」重新計算值。若球員沒有未來生涯數據，則會由養成引擎接手
25655	戰績排名
25658	此球員名單設有卡片價值上限(薪資上限)
25660	以下列出的球員是由你選進但尚未簽約。你必須在%s前與球員完成簽約
25661	以下列出的球員是由你選進但尚未簽約。你必須在30天內的簽約截止日前與球員完成簽約
25663	紀念牌
25670	這會導致%a的懲處
25678	球員名單可於當天首場比賽前2小時提交(若當天無比賽則為美東時間上午7點)，屆時每日球員名單將會鎖定並套用至隔天
25686	留下
25697	提升他的肌力與體能
25712	潛力BABIP評分提升了
25713	目前球路位移評分下降了
25714	潛力長打評分提升了
25715	目前球速提升，原本為
25717	目前球速下降，原本為
25718	目前球路位移評分提升了
25719	潛力球路位移評分提升了
25720	目前球路位移評分下降了
25721	目前控球評分下降了
25722	目前控球評分提升了
25723	潛力控球評分提升了
25724	目前長打力評分下降了
25725	目前BABIP評分下降了
25726	目前外野空檔長打評分提升了
25727	潛力外野空檔長打評分提升了
25728	目前避免三振評分下降了
25729	目前選球評分提升了
25730	潛力選球評分提升了
25732	腿部受傷傾向改善，原本為
25733	突襲短打評分下降了
25735	突襲短打評分提升了
25737	已學會
25738	外野失誤評分提升了
25739	外野守備範圍評分提升了
25740	外野傳球臂力評分提升了
25741	策動雙殺評分提升了
25742	內野失誤評分提升了
25743	內野守備範圍評分提升了
25744	內野傳球臂力評分提升了
25745	捕手偷好球評分提升了
25746	捕手守備能力評分提升了
25748	目前球速下降，原本為
25749	捕手傳球臂力評分提升了
25750	牽制評分提升了
25751	目前體力評分提升了
25752	目前體力評分下降了
25753	未獲得補償(未提出報價)
25754	手臂受傷傾向增加，原本為
25755	手臂受傷傾向改善，原本為
25757	目前長打力評分提升了
25759	盜壘積極度提升了
25761	目前避免三振評分提升了
25762	腿部受傷傾向增加，原本為
25763	跑壘評分提升了
25764	潛力避免三振評分提升了
25767	目前選球評分下降了
25768	目前BABIP評分提升了
25774	爭奪分區冠軍模式簡化了你的經營管理體驗
25785	你目前有一個球員名單空缺
25786	你的先發輪值尚未補齊
25787	你的先發打線尚未補齊
25791	%name已可移出傷兵名單
25793	安排復健賽
25796	該換上高張力局面的後援投手了
25800	該換代打來取得左右病優勢了
25810	加入
25818	讓渡認領
25819	規則5選秀球員
25820	擴編選秀球員
25834	你的裝置回報記憶體不足。{nl}請前往遊戲設定 > 3D > 觀眾細節並選擇較低的設定。{nl}或自行承擔風險，在遊戲設定 > 介面 > 記憶體不足保護中關閉此功能
25835	你的裝置回報記憶體不足。{nl}你也可以自行承擔風險，在遊戲設定 > 介面 > 記憶體不足保護中關閉此警告
25837	同時為所有結盟聯盟安排選秀
25846	建議由%pos %player填補名單空缺
25848	%player已缺陣一陣子，去打復健賽會很有幫助
25850	%player已可歸隊，但你的正式名單可能沒有足夠空間
25851	請檢查你的球員名單是否有空間可讓該球員歸隊
25852	%player已完成復健賽指派
25853	%player很適合進入先發輪值
25856	隨著球季開打，花點時間好好認識你的球隊、球員與球團管理階層
25857	當你準備好開始爭奪冠軍時，點擊右上角的繼續按鈕
25859	你的助理總經理想向你推薦幾位可能對球隊有幫助的球員
25861	讓球員歸隊時發生錯誤
25862	針對該球員的讓渡申請無效
25863	讓渡申請已送出
25890	衝刺聯盟冠軍
25892	你要以挑戰模式繼續遊戲，還是以一般存檔繼續遊戲（不開啟挑戰模式）
25905	錦標賽
25922	僅限
25926	認領
25928	一般
25929	準備好開始衝刺了嗎
25930	%player可從復健賽召回(剩餘%n天
25943	錦標賽
25957	請稍候，正在更新個人數據(6/10
25958	請稍候，正在更新球季數據(7/10
25961	請稍候，正在更新選秀籤(9/10
25963	推進至球季中的重大決策點
25964	你的球團人員將為你處理日常事務
25966	新增球員名單限制(Enter
26026	看看你是否能帶回聯盟冠軍與世界大賽獎盃
26027	推進至季後賽結束以查看你的分數並完成球季
26028	你對%name的讓渡指領已通過。他現在已加入你的球團，並已遭指定讓渡
26039	Topps BUNT
26068	選秀中心
26075	歡迎來到Baseball News Network頂尖新秀選秀農場管道。以下列出根據本網棒球專家與遊戲中球探意見評選出的本屆最佳選秀球員
26084	下一順位
26085	為%team自動選秀直到下一順位
26104	顯示整體評分＜最低值
26116	啟用歷史交易時，強烈建議不要停用以下任一設定。球隊不會對交易以外的變動作出反應，可能導致球員名單問題
26128	進行下一位打者
26146	球季結束時公告
26187	球隊／隊友化學反應加成提升
26210	交易／自由球員補償現金
26214	發生錯誤，無法取得可打包LE。{nl}請再試一次。若問題持續發生，請嘗試重新啟動OOTP
26219	球員未達到所列潛力之風險
26226	好消息，球隊防護員告知%name傷勢復原進展良好。雖然仍無法確定歸隊日期，但應該不久後即可歸隊
26231	薩特健康球場
26255	於%ly-%ty休球季開始時展開遊戲。為你的球隊規劃專屬道路。僅限MLB
26261	球季結束後，你可以選擇一種模式繼續遊戲
26264	打破僵局
26265	購買MLB 2025年球季
26266	購買KBO 2025年球季
26272	測試營球探
26275	前進至最後
26283	僅限使用2005-2014年的球員卡
26285	僅限使用2014年(含)以前的球員卡
26304	新增至%team的次級(%rostersize人)名單
26306	你的球季分數為%score
26311	鐵
26313	隱藏
26319	球員可在球季結束後短期服役
26324	主力投手
26325	已豁免
26327	當新秀選秀測試營於%date開始(持續%num天)時，你可以指派球探追蹤參加球員
26328	風險
26344	僅可使用2005年及以後(包含%d)的球員卡
26348	先發投手疲勞達%時休息
26349	後援投手疲勞達%時休息
26354	風險
26357	預設先發投手疲勞達%時休息
26358	預設後援投手疲勞達%時休息
26361	較小
26362	較大
26367	登錄＋預備名單球員卡數量(200)已達上限。若查看「管理球員卡」畫面，可能仍有其他符合資格的球員卡
26368	目前完美球隊宇宙中，有%nl個聯盟及%nt支球隊。你的%t正在%n競賽，該聯盟為%l聯盟
26370	例行賽拿下110勝以上的球隊可跳級快速升級
26374	跑者
26376	魔球年代(2005 - 2014
26377	魔球年代(2005-2014
26378	分析年代(2015
26381	魔球年代(2005 - 2014
26411	低金
26433	「即時開始」選項將在選定的日期(%date)展開遊戲，並更新MLB/KBO與MiLB例行賽排名、數據、評分及球員異動
26434	休球季開始(僅限MLB
26436	補償：%money(前份薪資的%pct%
26438	基本
26441	新球季將於美東時間週一上午10點開始。新的聯盟檔案通常會在2小時前開放下載
26451	首年球員選秀測試營
26458	本季設定於%year年進行。請確保調整球員名單以掌握該年代的優勢
26477	本季設定於<%year:value_very_high#0>年進行。請確保調整球員名單以掌握該年代的優勢
26491	鐵、銅級：1:200
26492	銀級：1:100
26493	金卡、鑽石卡、完美卡：1:50
26505	前往與你選中的球員洽談選秀簽約條件。查看需要談約的球員
26515	任何打進季後賽前4強球隊的球員，都將獲得未來兵役豁免
26521	未找到與所選變體卡相關的球員卡
26528	變體：%t/%n
26537	發生錯誤，用戶端與伺服器間的關聯點數不一致。{nl}若問題持續發生，請聯繫OOTP客服支援
26557	非變體卡最近10筆成交價
26568	變體觀察清單
26580	變體關聯
26583	變體球員卡
26587	變體：%t/%n
26588	變體
26589	你可編輯球員加入聯盟的年份範圍。凡是在該年份區間出賽過的球員都符合資格
26592	變體上限%t
26596	層級
26598	選擇變體球員卡
26605	球團（Lahman ID
26608	變體
26638	依你在完美球隊26中的進度，系統會提供可選球場列表。請慎重選擇，球場僅能在進入球員池階段、每個球季開始前或季後賽結束後更換
26639	將扣除%c點超出點數
26642	其他玩家可對球員卡出價。拍賣結束時出價最高者將贏得此卡，但僅需支付第二高出價者的金額
26643	變體點數
26649	歡迎來到完美球隊26的球隊默契總覽！{nl}{nl}球隊默契為動態系統，與正式名單保持良好默契的球員卡，將會在比賽模擬期間獲益於表現強化的效果。此功能可提升策略名單管理的重要性，並讓「主題球隊」更具競爭力。{nl}{nl}共享的球員卡默契包括：{nl}- 代表實際隊友的球員卡，合作越久效果越好。{nl}- 來自相同年份及/或代表相同真實球隊的球員卡。{nl}- 屬於相同卡片類別的球員卡。{nl}{nl}可在這個畫面評估每張球員卡在正式名單內對球隊默契的影響。此外，可顯示每張替補名單球員卡的潛在默契加成，就能更加瞭解名單異動可能帶來的優勢。{nl}{nl}在模擬引擎中，球隊默契加成能為所有球員帶來正向影響。不過，做出較多貢獻的球員，將獲得依比例更高的加成
26665	請點擊下方「遊玩完美球隊」以開啟你的新手包
26672	脫臼
26676	長打力
26681	跑壘加成
26689	遊玩任何歷史球季(1871年到2025年
26691	包並獲得完美球隊的首批球員卡
26693	30 - 最大值
26694	<NOTE:value_below_average#0>：已提交的球員卡點數總計不足以完成加成。還需要%c點才能完成加成
26696	此操作無法復原
26697	1 鎖定 2 未啟用 3 替補 4 現役，變體卡最後
26698	1 鎖定 2 現役 3 替補 4 未啟用，變體卡最後
26699	1 鎖定 2 未啟用 3 替補 4 現役，變體卡最先
26700	1 鎖定 2 現役 3 替補 4 未啟用，變體卡最先
26702	<NOTE:value_below_average#0>：已提交的球員卡總點數已超過下次加成所需點數
26705	%n%descr訓練計畫已終止
26710	現在可供使用。你可在步驟4或球隊設定頁面將球隊指派給它
26716	若啟用，將使用精選的大聯盟等值檔案為黑人聯盟球員產生評分。否則，遊戲將根據原始數據並嘗試校正年代與得分環境來產生評分
26724	此為即將結束的下一場拍賣相關資訊。若要查看其他拍賣，請展開球員卡檢視
26727	出價必須等於或高於起標底價
26737	你的訓練設施目前已滿，是否將此計畫加入排程
26738	該球員已在此計畫排程中
26744	完美球隊直播排行榜獎勵
26756	故意四壞保送未計入預期數據 - 實際上壘率可能更高
26766	使用新秀晉升獎勵規則
26769	發生錯誤，無法將球員卡上架拍賣。連線中斷或已達%n筆進行中拍賣上限！該球員卡目前已取消啟用，可於球員卡收藏畫面重新啟用。{nl}請再試一次
26776	一旦有人出價，拍賣便無法取消
26783	他們將在新人球季以自由球員身分加入，且預設不啟用種族隔閡限制
26786	已獲得%player_name的新秀晉升獎勵加成
26794	無進行中訂單
26798	球員名單選拔必須於%date前確定
26807	球員名單選拔截止日為%date
26810	你剛收到聯盟辦公室通知，鑑於%player_name符合新秀晉升獎勵資格
26818	若無人下標，可取消掛單。只要拍賣仍在進行中，競標者即可提高出價
26819	拍賣結束時最高出價者得標，並支付第二高出價金額。若無第二位出價者，則支付設定的底價
26830	已達委託單上限(最多%n筆
26833	變體（等級%number
26838	你的球隊將獲得第一輪選秀補償籤
26839	並在評選中名列前3名
26842	透過賣出委託單上架的球員卡將自動從名單移除並停用。若取消委託單，需於收藏畫面重新啟用
26863	由於他在計畫中的表現不佳，你的球探預期將對球員產生負面影響。這些變化將在聯盟主席匯入你的球隊時確定
26869	球員名單選擇截止日為%date。當日必須完成球員名單。若球員不足，將自動建立額外球員填補名單缺額
26872	自選包
26880	恭喜！你以%price PP購得%s。現在可以在你的收藏中找到該球員卡
26881	你的休息室物品現在已加入帳戶。謝謝
26889	你的%t已贏得錦標賽！做得好。獎勵(%pp顆休息室星星)已加入你的帳戶
26893	本次選秀測試營已結束。你指派球探追蹤的球員將獲得更準確的球探報告，且與你的球團關係更佳，使其更容易簽約
26894	球迷對你延長%n的合約感到興奮。{nl}整體球迷支持度大幅提升
26895	球迷對延長%n的合約反應熱烈。{nl}整體球迷支持度顯著提升
26896	球迷對你延長%n的合約感到滿意。{nl}整體球迷支持度明顯提升
26904	完成搬遷程序後，運動家隊已在%name落腳。管理階層將開始接觸新的當地球迷，將他們納入球隊支持者行列
26905	這將取消所有進行中的%type訂單。是否繼續
26908	很抱歉，你沒有足夠的%t進行此交易
26909	你確定要以總計%p %t購買%n份「%s」嗎
26910	你確定要以%p %t購買1份「%s」嗎
26914	你的出價目前最高
26915	此球員卡的「下一場拍賣」為你販售的球員卡
26919	變體球員卡等級%d
26921	目前有<%d%:value_very_low#0>的折扣(減去<%e:value_very_low#0> %t)
26923	一旦選擇了要開啟的卡包，將會依序開啟下一個可用的卡包，直到抽中指定的球員卡為止。你可以按Esc鍵或Enter鍵暫時停止開啟
26936	MVP獎項獎金
26943	步驟3可設定外野圍牆。你可透過修改文字輸入欄中的數值來編輯球場尺寸以設定外野圍牆。球場形狀將自動調整。你也可以變更圍牆顏色
26947	錦標賽已結束，你已被解除在以下隊伍的職務：
26950	價格
26953	在本次公開測試版推出前，Perfect Team已經過數週的測試，但我們仍預期會遇到錯誤及技術問題，例如伺服器連線中斷或(較不可能發生的)完全重置，這可能導致所有球隊與球員卡被刪除。{nl}{nl}此測試版僅會運作數天，直到《OOTP》正式發行前一天為止。無法購買Perfect Points，且測試結束後所有資料都將重置。若發現錯誤，請回報至下方連結的Perfect Team論壇之錯誤回報子討論區。{nl}{nl}祝遊戲愉快！{nl}全體OOTP團隊敬上
26954	休息室
26955	僅限2015年及以後的球員卡(包括%d)
26957	聯盟設定中已停用產生國際業餘自由球員(球員分頁)
26961	在新手池階段，星期一將會依球隊在新手池的戰績分派至正式聯盟
26962	新手池階段將持續至下週一，屆時球隊將被分派至正式聯盟
26967	季後賽結束後(通常於週日晚間結束)，伺服器將決定哪些球隊升級(先依季後賽結果排名，其次依勝率)或降級(依最低勝率排名)
26968	獲得 2
26969	獲得 3
26971	在3D模式顯示FPS(除錯用)
26973	恭喜！你已在拍賣場以%price賣出%s(售價扣除10%手續費)
26974	顯示整體評分<最低值(紅星)
26976	拍賣預計於%time後結束
26981	>可提前在主選秀頁面這裡查看
26982	你可從聯盟下拉式選單選擇錦標賽來管理名單
26984	你可檢視<選秀名單:page
27002	歡迎來到《OOTP Go》球季商店。可在這裡以特惠價購買個別歷史MLB球季或組合包。每次購買，都能讓你無限次數遊玩不同的球季
27015	拍賣出價被超越
27021	本球季於預設PT年代進行，聯盟總數約為2010年水準
27037	立即球季
27039	現代時期預設值
27040	想要將所有球員從現役軍職名單中移除嗎？
27043	已儲存至錦標賽球員名單
27044	已儲存至另一個數值加成
27045	發行日期
27074	處於主席模式時，在右鍵選單中隱藏如刪除球員、複製球員等選項
27075	會優先售出最低價的出售訂單，且若已建立符合或超越價格的購買訂單，就會以該出售訂單價格成交。若有多筆最低價的出售訂單，將先執行最舊的訂單。{nl}{nl}掛牌出售的球員卡將從球員名單移除並自動停用，若取消則必須從收藏畫面重新啟用
27076	購買訂單為你願意支付的價格，且若有另一位使用者以相等或更低的價格出售球員卡時則會成交。若有多筆相同價格的購買訂單，將先執行最舊的訂單
27085	新人
27086	傳奇
27093	最後請輸入URL的一部分(報告主目錄的路徑)。換句話說，若網域為http://www.example.com/league/reports/，則路徑為/league/reports
27095	年數/金額
27099	發行日期（遞減
27100	發行日期（遞增
27104	使用預設值(若可行的話，使用OpenGL及快速區塊傳輸
27105	性格(1至200)
27106	士氣(-500至+500)
27107	球隊角色(-5k至5k)
27108	團隊默契(-5k至5k)
27120	<WARNING:value_low#0>：%n張所選球員卡已儲存至錦標賽球員名單
27121	尚待更多大聯盟年資
27123	不在初登板球隊
27131	本設施於休球季與春訓期間開放，包含各式各樣的運動科學實驗室、重訓室、打擊籠、牛棚等設施
27132	本設施於休球季與春訓期間開放，包含重訓室、打擊籠、牛棚、設備等設施
27133	在此期間你可將球員送至此處，他們將遵循量身打造的訓練計畫，改善比賽中的特定能力
27134	請注意：在《OOTP 26》建立的帳號登入資訊可用於《OOTP 27》！完美球隊與挑戰模式共用相同帳號。每個遊戲授權最多總共可建立三個帳號
27135	你已達到此休息室商店物品的購買上限
27143	大聯盟難度為《OOTP》的預設遊玩方式，沒有額外的加成或減益。選擇此難度可享受最經典的《OOTP》體驗
27145	點擊這裡以開啟賽事網站
27150	允許潛力影響結果
27151	若停用，小聯盟球員表現將完全依據目前評分。若啟用，潛力較高的球員會在小聯盟繳出較佳數據，以更佳模擬生涯發展並有助於AI名單管理
27155	僅限本球季
27156	系統會追蹤球員的擊球資料，但每個球季結束後便會清除
27161	系統會追蹤球員的投球進壘點資料，但每個球季結束後便會清除
27162	系統會儲存球員的投球進壘點資料
27165	系統會追蹤球員的進階數據資料，但每個球季結束後便會清除
27166	系統會儲存球員的進階數據資料
27169	將所有球場數值重設為中性修正係數
27170	確定要將所有球場重設為中性球場因素嗎？
27171	本球季還剩%left次交易
27172	在名人堂難度已無剩餘交易次數。上限將於下個球季重設
27173	在名人堂難度已無剩餘大聯盟簽約次數。上限將於下個球季重設
27179	提交內容包含異版球員卡。是否繼續提交
27180	僅限變體卡
27184	完美點數可用來取得《Out of the Park Baseball 27》市場上的球員卡包或個別球員卡。購買完美點數無法退款且無法轉讓。請參閱授權條款以瞭解完整規範與條件
27185	此處可購買完美點數，用來取得《Out of the Park Baseball 27》市場上的球員卡包或個別球員卡。購買完美點數無法退款且無法轉讓。請參閱授權條款以瞭解完整規範與條件
27189	滾飛比
27194	飛球形成全壘打率
27199	反方向率
27200	軟弱擊球率
27201	中等擊球率
27209	總出色擊球數
27210	出色擊球率
27212	強勁擊球率
27214	預期擊球長打率
27215	預期擊球加權上壘率
27217	預期長打率
27225	強勁擊球
27226	強勁擊球
27230	出色擊球
27231	強勁擊球
27233	強勁
27235	中等
27236	軟弱擊球
27238	搜尋商店
27239	反方向
27240	中外野
27243	拉打
27249	%team_name(%lvl)有位球員(%player_name)已不再符合該聯盟的資格
27250	小聯盟難度為《OOTP》最容易的模式，推薦新手玩家選擇。比起AI球隊，教練和球員會更喜歡你的球隊。這表示能更容易以較低的金額簽下各種類型的球員，且球員進入自由球員市場測試身價的意願較低。此外，教練較少被挖角，且AI球隊球員的天賦變化隨機度會稍微偏向負面
27251	全明星難度比一般的《OOTP》遊戲過程更具挑戰性。比起AI球隊，教練和球員會較不喜歡你的球隊。這表示簽下各種類型球員的難度較高、花費金額更多，球員也更傾向進入自由球員市場測試身價。此外，教練被挖角的頻率較高，且AI球隊球員的天賦變化隨機度會稍微偏向正面
27252	名人堂難度為《OOTP》最困難的模式。比起AI球隊，教練和球員會遠更不喜歡你的球隊。這表示簽下各種類型球員的難度遠更高、花費金額遠更多，球員也更傾向進入自由球員市場測試身價。此外，教練被挖角的頻率遠更高，且AI球隊球員的天賦變化隨機度會更偏向正面
27253	除此之外，你還能額外限制每季可交易的次數上限，以及可簽下的大聯盟合約數量。這些上限將於每個新球季開始時重設
27255	變體篩選
27257	一般來說，若希望聯盟數據盡量貼近實際歷史總數，建議使用自動計算
27259	自動計算將在球季開始前執行，並會依據列出的總數及歷史球季數據調整修正係數
27262	出色擊球
27263	強勁擊球率
27264	強勁擊球率
27266	%team_name(%lvl)有多位球員(%ct)已不再符合該聯盟的資格
27267	非常短(50毫秒
27268	中（300毫秒
27269	非常長(1000毫秒
27270	非常短(150毫秒
27271	短（300毫秒
27272	中（500毫秒
27273	長（1000毫秒
27274	非常長(1500毫秒
27279	反方向%
27280	軟弱擊球%
27281	中等擊球%
27282	強勁擊球%
27284	強勁擊球率
27287	大聯盟（預設值
27296	預期擊球加權上壘率
27297	預期擊球長打率
27302	突襲短打率%
27307	預期擊球打擊率
27313	在名人堂難度下已無剩餘的交易次數！上限將於下個球季重設
27315	突襲短打率%
27318	出色擊球率
27319	你還剩%left次大聯盟簽約次數
27320	750毫秒
27321	1250毫秒
27322	400毫秒
27324	225毫秒
27325	100毫秒
27326	三壘打/（二壘打+三壘打
27328	正在匯入歷史紀錄 %n
27329	保留比賽 - 第%i局
27330	打者老化速度決定了球員隨著年齡增長能力衰退的速度。數值越高，代表球員身手下滑越快。
27331	打者養成速度決定了球員在年輕時能力成長的速度。數值越高，代表球員發揮潛力的速度越快。
27332	投手老化速度決定了球員隨著年齡增長能力衰退的速度。數值越高，代表球員身手下滑越快。
27333	投手養成速度決定了球員在年輕時能力成長的速度。數值越高，代表球員發揮潛力的速度越快。
27334	養成目標年齡將調整球員達到最大潛力的年齡。養成速度也將隨之調整。將目標年齡設定得越低，意味著更多球員可能在更年輕時就登上大聯盟。
27335	老化目標年齡可調整球員開始衰退能力的年齡。若希望球員保持顛峰狀態的時間更長，可選擇更高的目標年齡。
27337	球種價值詳情
27338	不儲存球員的球種價值資料。
27339	會追蹤球員的球種價值資料，但每季結束後都會清除。
27340	儲存球員的球種價值資料。
27341	警告：財務數值可能導致溢位錯誤並損毀球隊財務資料。若希望在此範圍內使用財務設定，應調整全域財務係數以平衡數值。
27342	%nation 作為資格賽隊伍
27344	比賽期間每個分區將各使用一座城市。可使用上方的城市搜尋欄選擇城市，接著更新欄位確認選擇。
27345	在此處可進行挑戰。當計時器顯示為綠色時，按空白鍵或點擊滑鼠左鍵即可揮棒。隨時可按 Esc 鍵暫停。
27346	繼續本輪
27350	聯盟主席模式允許你控制其他球隊並編輯球員；你對遊戲有完全的控制權。
27352	對手只會在報價提交後回覆。你將根據完成的交易獲得聲望；若撤回報價則會損失聲望。
27354	速球球速
27356	蝴蝶球比例
27357	指節曲球比例
27358	螺旋球比例
27359	圈式變速球比例
27360	叉球比例
27361	切球比例
27362	指叉球比例
27363	沉球比例
27364	滑球比例
27365	曲球比例
27366	變速球比例
27367	速球比例
27368	蝴蝶球數量
27369	指節曲球數量
27370	螺旋球數量
27372	名單匯出成功
27373	圈式變速球數量
27374	叉球數量
27375	切球數量
27376	指叉球數量
27377	沉球數量
27378	滑球數量
27379	曲球數量
27381	速球數量
27382	預期防禦率
27384	所有慢速球路百分比
27385	所有變化球百分比
27386	所有速球比例
27387	名單已儲存。名單必須儲存在伺服器上才能被選入錦標賽。
27389	變化球的球種得分價值
27390	使用者資料夾已變更。請關閉遊戲，並確保將所有遊戲存檔複製到新位置。
27398	變化球RV
27399	慢速球路的球種得分價值
27400	慢速球RV
27401	速球的球種得分價值
27402	速球RV
27403	投球得分價值
27404	投球RV
27405	追打率
27407	揮棒擊中球比率
27408	好球帶內揮棒擊中球比率
27409	好球帶外揮棒擊中球比率
27410	揮棒率
27411	好球帶內揮棒率
27412	好球帶外揮棒率
27413	完全在好球帶外的球
27414	揮擊好球帶外的球
27417	強勁擊球率
27418	普通擊球率
27419	軟弱擊球率
27421	現在上傳到伺服器嗎？名單必須儲存在伺服器上才能被選入錦標賽。
27422	購買 MLB 2026 年球季
27423	購買 KBO 2026 年球季
27425	僅可使用 1945 年及之前發行的卡片。
27431	守備得分價值
27432	僅可使用 1999 年及之後發行的卡片。
27433	僅可使用 2015 年及之後發行的卡片。
27434	僅可使用 1899 年及之前發行的卡片。
27447	只有評分 101 或更低的卡牌才能列入出賽名單。
27448	只有評分 102 或更高的卡牌才能列入出賽名單。
27449	只有評分 102 或更低的卡牌才能列入出賽名單。
27450	只有評分 103 或更高的卡牌才能列入出賽名單。
27451	只有評分 103 或更低的卡牌才能列入出賽名單。
27452	只有評分 104 或更高的卡牌才能列入出賽名單。
27453	只有評分 104 或更低的卡牌才能列入出賽名單。
27454	只有評分 105 或更高的卡牌才能列入出賽名單。
27455	只有評分 106 或以上的卡牌才能進入出賽名單。
27456	只有評分 106 或以下的名單才能進入出賽名單。
27457	只有評分達到 107 或以上的卡牌才能進入出賽名單。
27458	只有評分低於或等於 107 的卡牌才能進入出賽名單。
27459	只有評分 108 或以上的卡牌才能進入出賽名單。
27460	只有評分低於或等於 108 的卡牌才能進入出賽名單。
27461	只有評分 109 或以上的卡牌才能進入出賽名單。
27462	只有評分低於或等於 109 的卡牌才能進入出賽名單。
27463	只有評分 110 或以上的卡牌才能進入出賽名單。
27464	守備RV
27465	你無法查看非你控制之球隊的培訓中心。
27467	捕手防禦率
27470	跑壘RV
27471	打擊RV
27474	每場比賽都在不同的球場舉行。組建你的名單以達到最佳搭配。
27476	老將坐鎮
27479	正在載入學校
27482	希拉姆·比索恩球場
27483	正在載入場外傷勢
27485	進階打擊數據
27487	右外野線
27488	左外野線
27490	滾地球
27491	擊球初速
27492	拉打率
27493	擊中率
27494	擊球類型
27499	正在初始化球員
27500	正在初始化球隊
27501	防止強勁擊球的能力
27502	球探準確度
27503	球探準確度
27504	球探準確度
27505	今年還沒有符合資格的球員。
27506	投球價值
27507	球種
27508	投球結果
27512	本地人口
27514	顯示/隱藏局計分板小工具
27515	切換到逐球模式
27516	使用 MLB、KBO、WBC 或其他授權聯盟的真實 2026 年名單進行比賽
27520	僅限選秀
27527	現在將「%r」名單上傳到伺服器。
27529	模擬中
27530	這是存放各類檔案(數據、球場、3D模型等)的路徑。
27534	僅可使用死球時代(1920 年及以前)的卡片。
27537	僅可使用黃金擴張時期(1961-1979 年)的球員卡。
27538	僅可使用防守時代(1980-1992 年)的卡片。
27539	僅可使用強打時代(1993-2004 年)的卡片。
27540	僅可使用魔球時代(2005-2014 年)的卡片。
27549	僅限死球時代(1920 年及以前)
27552	僅限 1960 年及以前
27570	僅限 1899 年及以前
27573	僅限 1909 年及以前
27575	僅限 1919 年及以前
27577	僅限 1929 年及以前
27589	僅限 2000 年及以後
27594	盜壘率
27595	小工具
27597	使用 MLB 與 KBO 2026 年真實名單進行遊戲
27598	快速打席
27599	快轉至得點圈
27600	快轉半局
27601	快速比賽
27607	選球
27608	投球 %
27609	慢速球
27610	變化球
27611	軟
27612	拉打
27619	強
27620	揮棒
27621	揮空
27622	好球帶外揮棒
27623	追打
27627	4區
27629	6區
27637	落空
27639	所有慢速球%
27640	圈式變速球%
27641	指節曲球%
27642	打擊超級數據 1
27643	打擊超級數據 2
27646	比率
27647	LCF
27650	老將
27655	拉打%
27656	中間%
27658	軟%
27660	紮實%
27661	強勁%
27663	投球數（進階數據
27664	揮棒
27669	追打(對好球帶外的球揮空)
27670	好球帶 1 區(左上)的投球
27671	好球帶 2 區(中上)的投球
27672	好球帶 3 區(右上)的投球
27673	好球帶 4 區(左中)的投球
27674	好球帶 5 區(正中)的投球
27675	好球帶 6 區(右中)的投球
27676	好球帶 7 區(左下)的投球
27677	好球帶 8 區(中下)的投球
27678	好球帶 9 區(右下)的投球
27679	好球帶外 11 區(外側左上)的投球
27680	好球帶外 12 區(外側右上)的投球
27681	疲勞
27682	好球帶外 13 區(外側左下)的投球
27683	好球帶外 14 區(外側右下)的投球
27686	Z-揮棒%
27687	揮棒%
27688	O-擊中%
27689	Z-擊中%
27690	擊中%
27691	揮空率%
27692	追打率%
27696	好球帶%
27697	好球帶率(投在好球帶內的球百分比)
27698	%s 推進二壘(防守方無意防守)
27701	RV
27703	RV-慢速球
27704	RV-變化球
27705	變化球%
27706	軟%
27707	中等%
27708	速球%
27710	曲球%
27711	滑球%
27712	沉球%
27713	指叉球%
27714	聯盟冠軍賽
27715	切球%
27718	螺旋球%
27719	蝴蝶球%
27724	打席
27725	顯示/隱藏擊球落點分布圖 (F8)
27728	跑壘
27729	正中偏高(紅中胸口高)
27730	球威
27734	外野空檔
27738	1920 年及以前
27739	解鎖成就偶爾會獎勵你一個 PERFECT TEAM 球員卡包。
27740	長期模擬(「自動模擬至…」)功能僅在休球季可用。
27755	慢速球%
27767	慢速球%
27787	指叉球%
27793	蝴蝶球%
27796	系列賽
