Suspended	禁賽
retiring	退休
Sprained Ankle	腳踝扭傷
bruised wrist	手腕挫傷
sore Achilles tendon	阿基里斯腱痠痛
lacerated hand, bruised thumb	手部撕裂傷、大拇指挫傷
dislocated finger, bruised hand	手指脫臼、手部挫傷
broken hand	手部骨折
fractured hand, sprained wrist	手部骨折、手腕扭傷
Leaving baseball for Football	離開棒球轉戰美式足球
Leaving baseball for football	離開棒球轉戰美式足球
personal leave	個人事假
Elective Eye Surgery	擇期眼科手術
Injured Tailbone	尾椎受傷
Pulled Back Muscle	背部肌肉拉傷
Injured Toe	腳趾受傷
Bone Chips (Shoulder)	骨刺（肩膀）
Broken Toe	腳趾骨折
Torn Meniscus	半月板撕裂
Fell Through Barn Roof	摔穿穀倉屋頂
dislocated shoulder, bruised ribs, lacerated finger	肩膀脫臼、肋骨挫傷、手指撕裂傷
fractured wrist, strained rib cage muscle, sore knee	手腕骨折、肋部肌肉拉傷、膝蓋痠痛
bruised elbow, jammed finger, sore ankle	手肘挫傷、手指挫傷、腳踝痠痛
bruised forearm	前臂挫傷
hyperextended knee	膝蓋過度伸展
gluteus strain	臀肌拉傷
lacerated finger	手指撕裂傷
lacerated hand	手部撕裂傷
burned hand	手部灼傷
burned leg	腿部灼傷
multiple burns	多處灼傷
burned arm	手臂灼傷
mild electrical burn on hand	手部輕微電灼傷
electrical shock	觸電
back stiffness	背部緊繃
latissimus dorsi strain	背闊肌拉傷
partially torn labrum	關節唇部分撕裂
hand contusion, bruised thumb	手部挫傷、大拇指挫傷
sprained finger	手指扭傷
strained back	背部拉傷
thumb contusion	大拇指挫傷
elbow contusion	手肘挫傷
bone bruise (wrist)	骨挫傷（手腕）
Hand, Foot, and Mouth disease	手足口病
unknown head and back injuries	頭部及背部不明傷勢
severed fingers, blood loss	手指斷裂、失血
multiple internal injuries, broken leg, broken forearm	多處內傷、腿部骨折、前臂骨折
fractured vertebrae	脊椎骨折
severed fingers	手指斷裂
multiple injuries	多處受傷
Heatstroke	中暑
Bruised Hand	手部挫傷
Kicked by horse	被馬踢傷
Broken Wrist	手腕骨折
Fractured foot	腳部骨折
strained leg muscle	腿部肌肉拉傷
twisted knee	膝蓋扭傷
military service	服兵役
Retired to become evangelist	退休轉任傳教士
Accidental shoots himself in foot	意外射傷自己的腳
Injured - muscle strain	受傷－肌肉拉傷
Suspended - abusive language	禁賽－言語辱罵
Broken leg	腿部骨折
Retired to Focus on Comedy Career	退休專注喜劇事業
DTD	每日觀察
Concussion	腦震盪
twisted ankle	腳踝扭傷
hyperextended ankle	腳踝過度伸展
high ankle sprain	高位腳踝扭傷
bereavement	喪假
Bereavement	喪假
unspecified	未說明
Undisclosed ailment	未公開傷病
leaving baseball	離開棒球界
Leave of absence (Military Service)	請假（服兵役）
Leave of absence (Missionary Work)	請假（傳教工作）
leave of absence	請假
mild calf strain	小腿輕微拉傷
concussion	腦震盪
precautionary reasons	預防性考量
unknown	不明
strained groin	腹股溝拉傷
mild abdominal strain	腹部輕微拉傷
undisclosed	未公開
forearm cramp	前臂抽筋
mild shoulder inflammation	肩膀輕微發炎
Strained Quadriceps	股四頭肌拉傷
mild hamstring strain	腿後肌輕微拉傷
Strained Hamstring	腿後肌拉傷
Pulled Calf	小腿拉傷
Hyper-extended Ankle	腳踝過度伸展
Knee Tendinitis	膝蓋肌腱炎
PCL Strain	後十字韌帶拉傷
headache	頭痛
strained back muscle	背部肌肉拉傷
strained rib cage muscle	肋部肌肉拉傷
thigh muscle strain	大腿肌肉拉傷
pulled abdominal muscle	腹部肌肉拉傷
torn hip flexor tendon	髖屈肌腱撕裂
mild oblique strain	腹斜肌輕微拉傷
mild hip strain	髖部輕微拉傷
knee soreness	膝蓋痠痛
bruised cheekbone, blurred vision	顴骨挫傷、視線模糊
