14	KR	此處可查看您目前的財務狀況與可用資金。
15	KR	歡迎來到球隊主畫面。您可以在這裡查看球隊概況，包含球員名單、傷兵名單等資訊。
20	KR	球隊默契系統可在「遊戲設定」的「球員與 Facegen」分頁中啟用或停用。
25	KR	歡迎來到球隊投手畫面。若您掌管球隊，可在此查看陣中投手、設定先發輪值並指定牛棚角色。拖放球員即可調整位置。
29	KR	在此畫面中，您可以為接下來的所有比賽設定球隊比賽策略。
52	KR	歡迎來到球隊主畫面。您可以在這裡查看球隊概況、球員名單等資訊。
58	KR	在此畫面中，您可以為接下來的所有比賽設定球隊比賽策略。
244	KRGROUP	教學 2-設定打線與投手群
245	KRGROUP	教學 2-設定打線與投手群
248	KRGROUP	教學 2-設定打線與投手群
249	KRGROUP	教學 2-設定打線與投手群
250	KRGROUP	教學 2-設定打線與投手群
251	KRGROUP	教學 3-總教練選項與策略
252	KRGROUP	教學 3-總教練選項與策略
253	KRGROUP	教學 3-總教練選項與策略
254	KRGROUP	教學 3-總教練選項與策略
282	KRGROUP	教學 3-總教練選項與策略
283	KRGROUP	教學 3-總教練選項與策略
284	KRGROUP	教學 3-總教練選項與策略
285	KRGROUP	教學 3-總教練選項與策略
286	KRGROUP	教學 3-總教練選項與策略
287	KRGROUP	教學 3-總教練選項與策略
288	KRGROUP	教學 3-總教練選項與策略
289	KRGROUP	教學 3-總教練選項與策略
290	KRGROUP	教學 3-總教練選項與策略
291	KRGROUP	教學 3-總教練選項與策略
292	KRGROUP	教學 3-總教練選項與策略
293	KRGROUP	教學 3-總教練選項與策略
365	KRGROUP	教學 4-球員管理
372	KRGROUP	教學 4-球員管理
466	KR	「門票分潤損失」與「門票分潤收入」是聯盟推行的收益分享系統。主場球隊會將一定比例的門票收入分給客場對手。這兩行將顯示您在主場時分出去的金額，以及在客場時賺取的金額。
521	KR	接下來看個性。這一行代表該教練的個性類型。包括平易近人、隨和、普通、喜怒無常，以及掌控型。
526	KR	總教練的執教風格也會影響您簽約球員的成功率。若總教練與球員個性不合，部分球員可能會猶豫不決，甚至斷然拒絕與您的球隊簽約。
527	KR	現在來談談投手教練與打擊教練的專注領域。這些是打擊與投手教練會特別著重投入心力的項目。
530	KR	接著來談談專注領域下方的評分。您會注意到這些是有顏色的文字，評級範圍從極差到傳奇。
531	KR	首先是「培養能力」。此評分顯示教練在協助旗下指導或執教的球員成長方面的成效。這項評分對總教練與板凳教練相當重要。
532	KR	這僅代表引導球員正常成長以兌現球探所認定的潛力，並非產生全新的潛力，請勿混淆。
533	KR	「調整動作能力」與培養能力類似，總教練與板凳教練必須優先注重這項評分；其他教練團成員雖然也有影響，但需求程度沒那麼高。
535	KR	因此，「調整動作能力」是讓球隊最有機會使球員迎來正向 TCR 變化與成長的方式。同樣地，請優先讓總教練與板凳教練具備此能力，因為對其他教練的影響沒那麼顯著。
537	KR	「打擊指導」是專屬於打擊教練的評分。這是打擊教練最不可或缺的關鍵評分。
539	KR	現在來看看一壘與三壘指導教練所需的評分。包括比賽跑壘指揮、指導捕手守備、指導內野守備、指導外野守備，最後是跑壘指導。
546	KR	除了這些總教練的整體陣容策略之外，還有球探策略或球員價值評估。這些對場上教練影響不大，主要是給球探與助理總經理參考的。
547	KR	球探評價指標顯示該教練是重視陣中球探的評分與評估，還是更偏重 OSA 或數據統計。
548	KR	除了球探評價之外，還有今年數據、去年數據以及兩年前數據，讓您能看出該教練普遍更看重哪一時期的數據，而非單純依賴球探評價。
550	KR	介紹完大部分的教練評分後，我們簡短說明一下「人際關係」分頁。請點選醒目標示的「人際關係」按鈕。
552	KR	雖然教練與球員關係不佳並不會完全失去對其的影響力，但相較於與教練關係極佳的球員，其效果可能大幅降低。
554	KR	非常感謝您完成本教學。若想了解更詳細的操作流程，歡迎觀看我們的 YouTube 影片以取得更多資訊。
555	KR	若您想開始自己的存檔或觀看更多教學，可返回主選單；若想繼續執教史考茲代爾蠑螈隊，也可以繼續這場遊戲。
556	KR	歡迎來到教學 9。本教學將介紹球員養成與球探畫面。包含您身為總經理所擁有的掌控權，以及協助您操作的提示與指引。
557	KR	本教學將帶我們回到球團辦公室畫面，這代表我們需要前往蠑螈隊主畫面。請點選醒目標示的蠑螈隊下拉式選單，並選擇「球隊主畫面」按鈕以繼續。
558	KR	請點選醒目標示的「球團辦公室」按鈕以進入球團辦公室頁面。
559	KR	雖然球團辦公室畫面有部分球探與球員養成的詳細資訊，但主要頁面依然是「球員養成」畫面。請點選醒目標示的「球員養成」按鈕。
560	KR	歡迎來到球員養成畫面。身為總經理，這是必須熟悉的最重要畫面之一。它能協助您在球員養成與球隊預算之間取得平衡，還能讓您檢視球團體系或小聯盟中嶄露頭角的新秀。
593	KR	因此，請根據自身需求與資金分配，在各項滑桿上做出最明智的推估。若 4 個滑桿合計未達 100%，剩餘資金將顯示在下方的未分配資金區塊。
602	KR	最後，請前往醒目標示的「球探任務清單」分頁來完成本次教學。
603	KR	球探會定期對自家球隊、其他球團以及剛公布的選秀名單球員進行調查。國際業餘自由球員（IAFA）會在「國際」分頁的簽約期內接受考察，也就是球隊每月進行國際自主培訓時（本教學不包含此部分）。您投入球探的預算多寡，將決定球探工作的速度與精準度。
609	KR	非常感謝您完成本教學。若想了解更詳細的流程，歡迎觀看我們的 YouTube 影片以取得更多資訊。
640	KRGROUP	教學 10-合約談判
645	KRGROUP	教學 10-合約談判
654	KRGROUP	教學 10-合約談判
660	KR	您也可以使用此按鈕讓 AI 替您將培訓中心補滿球員。
661	KR	球員被指派訓練計畫後，就會顯示在此處的培訓中心中。
1	KR	頂端是下拉選單，可以直接前往其他畫面、更改設定、進行比賽與推進日期，是最主要的操作方式。這些選單固定在這個位置。
2	KR	歡迎來到 OOTP！這些教學會在你遊玩時逐一說明各個畫面。如果你選擇關閉，隨時都能到遊戲設定重新開啟。
3	KR	這個畫面會存放你所有的新聞與郵件。收到重要新聞或郵件時，系統會自動從目前的畫面帶你過來，但仍請經常回來查看其他訊息。
4	KR	下方這塊區域是各個畫面的內容。
5	KR	「繼續」按鈕也能用來推進比賽，而且可以依你的遊玩習慣自行設定。
6	KR	你可以用這些設定來調整要接收哪些新聞與郵件。
7	KR	你可以在這個畫面搜尋符合特定條件的球員。請注意，這是會找出所有符合結果的深入搜尋，條件設得越寬鬆，搜尋時間可能越久。
8	KR	國際業餘自由球員開放簽約時，會在這個畫面進行簽約。
9	KR	如果你管理一支球隊，而且聯盟允許交易，可以在這個畫面籌組交易。
10	KR	先選好想交易的球隊，再從名單中拖放球員，或按綠色的 + 圖示，把球員加進上方的交易內容。
11	KR	如果你管理一支球隊，而且聯盟允許交易，可以在「兜售球員」畫面向全聯盟詢價，看其他球隊願意拿什麼來換你隊上選定的一兩名球員。
12	KR	在這裡更改兜售設定，就能收到不同類型的交換報價。
13	KR	球員成為自由球員後，就會出現在這個畫面。
16	KR	你可以用這些下拉選單更改此畫面的各個區塊。
17	KR	如果你掌管一支球隊，會在這裡看到球隊默契。球隊默契受多種因素影響，包括總教練與球員的關係、隊上球員的個性組合、球隊戰績等，並會進一步影響球員士氣與球隊表現。
18	KR	在這裡可以看到總教練與球員之間的關係。
19	KR	球員類型區塊會概略列出隊上球員的個性。盡量讓個性正面的球員越多越好，並減少負面個性的球員。
21	KR	這個畫面會完整列出球隊所有的名單。
22	KR	此畫面的符號圖例在這裡。
23	KR	你可以在這個畫面輕鬆管理讓渡名單與被指定讓渡的球員。交易中換來的大聯盟合約球員會被指定讓渡，也會列在這裡。
24	KR	此畫面的符號圖例在這裡。
26	KR	歡迎來到球隊打線畫面。若你掌管球隊，可在此查看陣中打者並設定打線。拖放球員即可調整位置。
27	KR	如果你選擇使用每日打線，就在這個畫面控制。每日打線可以指定接下來特定日期的先發投手與打線。
28	KR	你可以在每日打線設定中開啟每日打線。
30	KR	你可以為所有情境設定策略，也可以指定在特定局數與比數時才套用某項策略。
31	KR	接著用這些滑桿更改所選局數與比數下的策略。
32	KR	在這個畫面可以為特定球員設定比賽策略。首先，把球員從左邊的名單拖放到右邊。
33	KR	球隊人員畫面會列出目前球團內的所有人員。如果球團某個職位顯示為空缺，可以從可聘人員畫面挑選人員來補上。直接點選空缺的職位就能前往該畫面。
34	KR	在這個畫面可以檢視並調整與球探相關的項目。
35	KR	球季開打前，可以在這裡設定球探總預算並進行分配。加入球探重點，告訴球探你想聽取哪些類型球員的報告。
36	KR	在這個畫面可以看到所選球員的概況，包括能力值、成績等。你可以切換其他分頁，進一步查看這些球員屬性。
37	KR	用這個選單對所選球員執行可用的動作。在其他任何畫面上，也能對球員名字按右鍵找到這些動作。
38	KR	在這裡可以查看球隊球場的詳細資料。
39	KR	用這個按鈕開啟球場編輯器，可以更改球場尺寸、編輯 3D 模型等。
40	KR	這個畫面完整呈現球隊的財務狀況。在球季開打前，可以在這裡編輯票價與支出等項目。
41	KR	你可以用這些下拉選單自訂此畫面的版面，並檢視其他財務資訊。
42	KR	這個畫面顯示人員之間的默契、每位教練的基本資料，也可以在這裡設定教學職務。
43	KR	有些教練搭配起來比其他組合更有效率，所以需要聘請合得來的教練，才能充分發揮教練團的功用。默契程度會隨時間累積，代表目前教練團的合作狀況。
44	KR	可以在這裡指派教練擔任個別的教學職務，協助提升球隊特定的能力。
45	KR	歡迎來到合約報價畫面。你可以在這裡與球員簽下續約合約，或是簽下自由球員。
46	KR	這是球隊目前的財務資訊。你可以在這裡看到可用預算，以及目前的報價會對預算造成什麼影響。
47	KR	你可以在這裡調整合約條件。一開始顯示的是球員開出的條件，你可以依需要自行修改。
48	KR	條件調整滿意後，用畫面上方的按鈕詢問球員的回應；如果球員同意條件，就能送出報價。
49	KR	如果你掌管球隊，可以透過這個下拉選單，對所有即將到期的小聯盟人員提出續約。
50	KR	同樣地，你可以在這個分頁調整特定球員的策略。
51	KR	也可以用這個按鈕，依自己的喜好調整此畫面的整體版面。
53	KR	你可以用這些下拉選單更改此畫面的各個區塊。
54	KR	歡迎來到球隊投球畫面。你可以在這裡查看陣中投手，並設定先發輪值與牛棚。拖放球員即可調整位置。
55	KR	歡迎來到球隊打線畫面。你可以在這裡查看陣中打者並設定打線。拖放球員即可調整位置。
56	KR	如果你選擇使用每日打線，就在這個畫面控制。每日打線可以指定接下來特定日期的先發投手與打線。
57	KR	你可以在每日打線設定中開啟每日打線。
59	KR	你可以為所有情境設定策略，也可以指定在特定局數與比數時才套用某項策略。
60	KR	接著用這些滑桿更改所選局數與比數下的策略。
61	KR	在這裡可以查看球隊球場的詳細資料。
62	KR	用這個按鈕開啟球場編輯器，可以更改球場尺寸、編輯 3D 模型等。
63	KR	這個畫面包含 Perfect Team 專屬的設定。你可以在這裡調整線上個人檔案、卡包與卡片設定等。更改後請送出你的球隊，設定才會儲存到 Perfect Team 伺服器上的個人檔案。
64	KR	也可以用這個按鈕，依自己的喜好調整此畫面的整體版面。
65	KR	同樣地，你可以在這個分頁調整特定球員的策略。
66	KR	在這個畫面可以為特定球員設定比賽策略。首先，把球員從左邊的名單拖放到右邊。
67	KR	歡迎來到你的卡片收藏！這個畫面會顯示你擁有的每一張球員卡。
68	KR	如果某張卡片顯示為未啟用，必須先在這裡啟用該球員，才能在你的名單中找到他。
69	KR	任務畫面列出所有可以完成並領取獎勵的任務。集齊某項任務所列的全部卡片，就算完成該任務。
70	KR	集齊所有卡片後，點選任務標題展開任務，再按下「送出」按鈕。請注意，卡片一旦用於任務，就會被鎖定在你的球隊中。
71	KR	在這個畫面可以自訂球隊的各項內容，包括標誌、名稱、球衣等。完成後，請務必送出你的球隊以儲存變更。
72	KR	使用進階選項開啟 3D 編輯器，就能在球員模型上即時看到更改後的樣子！
73	KR	你可以在這裡用 Perfect Points 購買卡包。每個卡包有六張隨機卡片，但依購買的卡包不同，可以保證抽到一張以上特定等級的卡片（銅、銀、金等）。
74	KR	有時也會推出特殊卡包，所以請常回來看看，並留意 Perfect Team 的公告。
75	KR	這個畫面顯示你的正式名單與保留名單。所有未列為停用的球員卡都會出現在這裡。
76	KR	這裡是你的正式名單，也就是可供你排打線與安排投手的球員。
77	KR	這裡是保留名單，包含你擁有但目前沒有使用的球員。
78	KR	把球員從保留名單拖放到正式名單，就能加入你的陣容，反過來也可以。
79	KR	在這個畫面可以用真實金錢購買 Perfect Points。Perfect Points（PP）是遊戲內的貨幣，可用來購買卡包、卡片等。
80	KR	交易紀錄畫面可以查看你帳號下的所有交易，包括購買卡片、購買卡包、成就、獎勵等。
81	KR	這個畫面會存放你所有的新聞與郵件。請經常回來查看。
82	KR	你可以用這些設定來調整要接收哪些新聞與郵件。
83	KR	卡片商店是你在 Perfect Team 世界中買賣卡片的地方。所有啟用中的卡片都列在卡片商店，你可以依卡片類型、卡片價值、守位、能力值、球員姓名與任務來篩選，也可以濾掉你已擁有的卡片。買單與賣單合計最多可掛 50 筆。
84	KR	在卡片商店購買卡片時，可以按該卡片標價旁的「立即購買」按鈕。卡片會馬上加入你的庫存，並從你的帳戶扣除 Perfect Points。
85	KR	要賣卡片時，按下想賣的球員旁的「賣出」按鈕，這個按鈕在表格最右邊的「賣單」欄位下。
86	KR	這會開啟建立賣單的視窗。你可以輸入價格，並查看它依「價格低者優先」排在優先順序的哪個位置。如果兩筆價格相同，先掛單的會先賣出。
87	KR	歡迎來到 OOTP！這些教學會在你遊玩時逐一說明各個畫面。如果你選擇關閉，隨時都能到遊戲設定重新開啟。
88	KR	歡迎來到球隊主畫面。你可以在這裡查看球隊、打線、人員與歷史的概況。
89	KR	用這些分頁切換各個概況區塊。
90	KR	歡迎來到你的名單畫面。你可以在這裡找到球團內的所有球員。點選任一球員的名字，就會前往該球員的畫面。
91	KR	這個異動畫面有助於在球團的不同層級之間調動球員。
92	KR	用這些分頁前往球團的各個區塊。
93	KR	用球員名字旁的 + 按鈕選取球員，再用中間的箭頭按鈕把他們從一個區塊移到另一個區塊。
94	KR	歡迎來到球隊投球畫面。若你掌管球隊，可以在這裡管理投手與他們的角色。
95	KR	用這些分頁切換先發輪值與牛棚。
96	KR	歡迎來到打線畫面。你可以在這裡設定打擊順序與先發球員的守位。按住球員後拖放，即可重新排序。
97	KR	你可以分別設定面對右投與左投時的深度圖。
98	KR	這是深度圖畫面。你可以在這裡設定球隊各守位的球員與替補。
99	KR	在這個畫面可以為接下來的所有比賽設定球隊的比賽策略。
100	KR	你可以為所有情境設定策略，也可以用這個檢視選單，指定在特定局數與比數時才套用某項策略。
101	KR	點選不同的分頁，編輯各個策略類別。
102	KR	點選這個下拉選單，切換球團的不同層級。
103	KR	頂端是下拉選單，可以直接前往其他畫面、更改設定、進行比賽與推進日期，是最主要的操作方式。這些選單固定在這個位置。
104	KR	「繼續」按鈕也能用來推進比賽，而且可以依你的遊玩習慣自行設定。
105	KR	中間這塊區域是各個畫面的內容。
106	KR	在這個畫面可以為特定球員設定比賽策略。
107	KR	先在這份名單中點選球員的名字，選出你想編輯策略的球員。
108	KR	點選這個選單，更改上述球員名單中顯示哪些球員。
109	KR	歡迎來到球隊的球團高層。你可以在這裡查看財務、了解隊上球員的概況、設定票價等。
110	KR	點選這裡查看球團高層的不同區塊。
111	KR	點選這些下拉選單，更改顯示的資訊。
112	KR	這是球隊自訂畫面。你可以在這裡更改球隊名稱、暱稱等。
113	KR	選擇「棒球場」分頁，編輯球場的尺寸、係數與資料。
114	KR	這是聯盟新聞畫面，可以看到與整個聯盟有關的新聞。
115	KR	這個畫面可以查看聯盟中各隊本季的成績。
116	KR	如果你的遊戲有多個聯盟，可以點選這裡在各聯盟之間切換。
117	KR	這個畫面顯示所選聯盟的各項成績排行。
118	KR	點選這裡，可以在投手與打者成績之間切換。
119	KR	歡迎來到自由球員畫面。你可以在這裡看到所有可與你的球團簽約的球員。
120	KR	這裡顯示你有多少資金可用來簽約與續約球員。
121	KR	要簽下球員，先點選球員的名字，進入該球員的畫面後再開啟「行動」選單。
122	KR	這個畫面顯示合約將在本季結束時到期的球員，他們會在下個休賽季成為可簽約的對象。
123	KR	當聯盟中的球隊很想交出某位球員時，通常會把他掛在這裡的交易區。
124	KR	這個畫面顯示聯盟中的所有球員。點選名單上方的選項，也能顯示已退休及（或）小聯盟的球員。
125	KR	你可以在這個畫面與其他球隊發起交易。
126	KR	首先，請確認已選好第二支想交易的球隊。
127	KR	接著點選球員名單上的 + 按鈕，把你的球員加入交易，再加入你想換來的對方球員。
128	KR	規則與設定畫面可以讓你依喜好更改並自訂遊戲，包括聯盟規則、遊戲設定、難度等。
129	KR	點選這個選單，可以檢視進階設定。
130	KR	點選分頁，進入不同的設定。
131	KR	歡迎來到你的收件匣。你訂閱的訊息會在這裡收到。你可以到總教練設定的「收件匣」分頁更改訂閱設定。
132	KR	你可以在這個畫面編輯球隊控制權、郵件訂閱、總教練檔案與遊玩模式。
133	KR	更改球隊控制權設定，就能指定遊戲中哪些部分由你控制，哪些部分交給 AI 接手。
134	KR	這個畫面顯示你遊戲中存在的所有球員。
135	KR	在這個欄位輸入名字，就能依姓名搜尋球員。
136	KR	這是球員總覽畫面。你可以在這裡看到該球員的資料、成績與整體能力值。這些能力值會大幅影響這名球員在各方面的表現。
137	KR	點選這個選單，可以對球員執行動作，例如交易他、續約、在球團內調動他等。
138	KR	球員能力值畫面會比總覽畫面更詳細地列出能力值。
139	KR	用檢視選單切換打擊、投球與守備能力值。
140	KR	這個球員成績畫面會顯示生涯成績與比賽紀錄。
141	KR	點選這裡，可以在打擊、投球與守備成績之間切換。
142	KR	歡迎來到球隊主畫面。你可以在這裡查看球隊概況、球員名單等資訊。
143	KR	這個畫面顯示你的正式名單與保留名單。所有未列為停用的球員卡都會出現在這裡。
144	KR	用這個選單更改顯示的資訊。
145	KR	在這個分頁可以看到你的正式名單，也就是可供你排打線與安排投手的球員。
146	KR	在這個畫面可以設定投手群與牛棚。
147	KR	點選「保留」分頁，前往保留名單，裡面是你擁有但目前沒有使用的球員。
148	KR	在這個畫面可以輕鬆地在正式名單與保留名單之間調動多名球員。做法是：先點選球員名字旁的綠色 +，再用畫面中間的按鈕移動他們。
149	KR	在「輪值」分頁可以拖放球員重新排序，並設定輪值選項。
150	KR	在「牛棚」分頁可以更改球員的角色與使用方式。你也可以用畫面底部的「行動」選單請 AI 協助。
151	KR	歡迎來到球隊打線畫面，你可以在這裡查看陣中打者，並設定打線與深度圖。拖放球員即可調整位置。
152	KR	在「每日」分頁可以啟用每日打線。每日打線可以指定接下來特定日期的先發投手與打線。
153	KR	這是深度圖畫面。你可以在這裡設定球隊各守位的球員與替補。
154	KR	你可以分別設定面對右投與左投時的深度圖。
155	KR	在這個畫面可以為特定球員設定比賽策略。
156	KR	先在這份名單中點選球員的名字，選出你想編輯策略的球員。
157	KR	點選這個選單，更改上述球員名單中顯示哪些球員。
158	KR	在這個畫面可以為接下來的所有比賽設定球隊的比賽策略。
159	KR	你可以為所有情境設定策略，也可以用這個檢視選單，指定在特定局數與比數時才套用某項策略。
160	KR	點選不同的分頁，編輯各個策略類別。
161	KR	你可以在這裡用 Perfect Points 購買卡包。每個卡包有六張隨機卡片，但依購買的卡包不同，可以保證抽到一張以上特定等級的卡片（銅、銀、金等）。
162	KR	有時也會推出特殊卡包，所以請常回來看看，並留意 Perfect Team 的公告。
163	KR	在這個畫面可以用真實金錢購買 Perfect Points。Perfect Points（PP）是遊戲內的貨幣，可用來購買卡包、卡片等。
164	KR	卡片商店是你在 Perfect Team 世界中買賣卡片的地方。所有啟用中的卡片都列在卡片商店，你可以依卡片類型、卡片價值、守位、能力值、球員姓名與任務來篩選，也可以濾掉你已擁有的卡片。買單與賣單合計最多可掛 50 筆。
165	KR	在卡片商店購買卡片時，可以按該卡片標價旁的「立即購買」按鈕。卡片會馬上加入你的庫存，並從你的帳戶扣除 Perfect Points。
166	KR	要賣卡片時，按下想賣的球員旁的「賣出」按鈕，這個按鈕在表格最右邊的「賣單」欄位下。
167	KR	這會開啟建立賣單的視窗。你可以輸入價格，並查看它依「價格低者優先」排在優先順序的哪個位置。如果兩筆價格相同，先掛單的會先賣出。
168	KR	交易紀錄畫面可以查看你帳號下的所有交易，包括購買卡片、購買卡包、成就、獎勵等。
169	KR	歡迎來到你的卡片收藏！這個畫面會顯示你擁有的每一張球員卡。
170	KR	如果某張卡片顯示為未啟用，必須先在這裡啟用該球員，才能在你的名單中找到他。
171	KR	在這個畫面可以自訂球隊的各項內容，包括標誌、名稱、球衣等。完成後，請務必送出你的球隊以儲存變更。
172	KR	任務畫面列出所有可以完成並領取獎勵的任務。集齊某項任務所列的全部卡片，就算完成該任務。
173	KR	集齊所有卡片後，點選任務展開，再按下「送出」按鈕。請注意，卡片一旦用於任務，就會被鎖定在你的球隊中。
174	KR	這個畫面包含 Perfect Team 專屬的設定。你可以在這裡調整線上個人檔案、卡包與卡片設定等。更改後請送出你的球隊，設定才會儲存到你的線上個人檔案。
175	KRGROUP	教學 1-基礎介紹
176	KRGROUP	教學 1-基礎介紹
177	KRGROUP	教學 1-基礎介紹
178	KRGROUP	教學 1-基礎介紹
179	KRGROUP	教學 1-基礎介紹
180	KRGROUP	教學 1-基礎介紹
181	KRGROUP	教學 1-基礎介紹
182	KRGROUP	教學 1-基礎介紹
183	KRGROUP	教學 1-基礎介紹
184	KRGROUP	教學 1-基礎介紹
185	KRGROUP	教學 1-基礎介紹
186	KRGROUP	教學 1-基礎介紹
187	KRGROUP	教學 1-基礎介紹
188	KRGROUP	教學 1-基礎介紹
189	KRGROUP	教學 1-基礎介紹
190	KRGROUP	教學 1-基礎介紹
191	KRGROUP	教學 1-基礎介紹
192	KRGROUP	教學 1-基礎介紹
193	KRGROUP	教學 1-基礎介紹
194	KRGROUP	教學 1-基礎介紹
195	KRGROUP	教學 1-基礎介紹
196	KRGROUP	教學 1-基礎介紹
197	KRGROUP	教學 1-基礎介紹
198	KRGROUP	教學 1-基礎介紹
199	KRGROUP	教學 1-基礎介紹
200	KRGROUP	教學 1-基礎介紹
201	KRGROUP	教學 1-基礎介紹
202	KRGROUP	教學 1-基礎介紹
203	KRGROUP	教學 2-設定打線與投手群
204	KRGROUP	教學 2-設定打線與投手群
205	KRGROUP	教學 2-設定打線與投手群
206	KRGROUP	教學 2-設定打線與投手群
207	KRGROUP	教學 2-設定打線與投手群
208	KRGROUP	教學 2-設定打線與投手群
209	KRGROUP	教學 2-設定打線與投手群
210	KRGROUP	教學 2-設定打線與投手群
211	KRGROUP	教學 2-設定打線與投手群
212	KRGROUP	教學 2-設定打線與投手群
213	KRGROUP	教學 2-設定打線與投手群
214	KRGROUP	教學 2-設定打線與投手群
215	KRGROUP	教學 2-設定打線與投手群
216	KRGROUP	教學 2-設定打線與投手群
217	KRGROUP	教學 2-設定打線與投手群
218	KRGROUP	教學 2-設定打線與投手群
219	KRGROUP	教學 2-設定打線與投手群
220	KRGROUP	教學 2-設定打線與投手群
221	KRGROUP	教學 2-設定打線與投手群
222	KRGROUP	教學 2-設定打線與投手群
223	KRGROUP	教學 2-設定打線與投手群
224	KRGROUP	教學 2-設定打線與投手群
225	KRGROUP	教學 2-設定打線與投手群
226	KRGROUP	教學 2-設定打線與投手群
227	KRGROUP	教學 2-設定打線與投手群
228	KRGROUP	教學 2-設定打線與投手群
229	KRGROUP	教學 2-設定打線與投手群
230	KRGROUP	教學 2-設定打線與投手群
231	KRGROUP	教學 2-設定打線與投手群
232	KRGROUP	教學 2-設定打線與投手群
233	KRGROUP	教學 2-設定打線與投手群
234	KRGROUP	教學 2-設定打線與投手群
235	KRGROUP	教學 2-設定打線與投手群
236	KRGROUP	教學 2-設定打線與投手群
237	KRGROUP	教學 2-設定打線與投手群
238	KRGROUP	教學 2-設定打線與投手群
239	KRGROUP	教學 2-設定打線與投手群
240	KRGROUP	教學 2-設定打線與投手群
241	KRGROUP	教學 2-設定打線與投手群
242	KRGROUP	教學 2-設定打線與投手群
243	KRGROUP	教學 2-設定打線與投手群
246	KRGROUP	教學 2-設定打線與投手群
247	KRGROUP	教學 2-設定打線與投手群
255	KRGROUP	教學 3-總教練選項與策略
256	KRGROUP	教學 3-總教練選項與策略
257	KRGROUP	教學 3-總教練選項與策略
258	KRGROUP	教學 3-總教練選項與策略
259	KRGROUP	教學 3-總教練選項與策略
260	KRGROUP	教學 3-總教練選項與策略
261	KRGROUP	教學 3-總教練選項與策略
262	KRGROUP	教學 3-總教練選項與策略
263	KRGROUP	教學 3-總教練選項與策略
264	KRGROUP	教學 3-總教練選項與策略
265	KRGROUP	教學 3-總教練選項與策略
266	KRGROUP	教學 3-總教練選項與策略
267	KRGROUP	教學 3-總教練選項與策略
268	KRGROUP	教學 3-總教練選項與策略
269	KRGROUP	教學 3-總教練選項與策略
270	KRGROUP	教學 3-總教練選項與策略
271	KRGROUP	教學 3-總教練選項與策略
272	KRGROUP	教學 3-總教練選項與策略
273	KRGROUP	教學 3-總教練選項與策略
274	KRGROUP	教學 3-總教練選項與策略
275	KRGROUP	教學 3-總教練選項與策略
276	KRGROUP	教學 3-總教練選項與策略
277	KRGROUP	教學 3-總教練選項與策略
278	KRGROUP	教學 3-總教練選項與策略
279	KRGROUP	教學 3-總教練選項與策略
280	KRGROUP	教學 3-總教練選項與策略
281	KRGROUP	教學 3-總教練選項與策略
294	KRGROUP	教學 3-總教練選項與策略
295	KRGROUP	教學 3-總教練選項與策略
296	KRGROUP	教學 3-總教練選項與策略
297	KRGROUP	教學 3-總教練選項與策略
298	KRGROUP	教學 3-總教練選項與策略
299	KRGROUP	教學 3-總教練選項與策略
300	KRGROUP	教學 3-總教練選項與策略
301	KRGROUP	教學 3-總教練選項與策略
302	KRGROUP	教學 3-總教練選項與策略
303	KRGROUP	教學 3-總教練選項與策略
304	KRGROUP	教學 3-總教練選項與策略
305	KRGROUP	教學 3-總教練選項與策略
306	KRGROUP	教學 3-總教練選項與策略
307	KRGROUP	教學 3-總教練選項與策略
308	KRGROUP	教學 3-總教練選項與策略
309	KRGROUP	教學 3-總教練選項與策略
310	KRGROUP	教學 3-總教練選項與策略
311	KRGROUP	教學 4-球員管理
312	KRGROUP	教學 4-球員管理
313	KRGROUP	教學 4-球員管理
314	KRGROUP	教學 4-球員管理
315	KRGROUP	教學 4-球員管理
316	KRGROUP	教學 4-球員管理
317	KRGROUP	教學 4-球員管理
318	KRGROUP	教學 4-球員管理
319	KRGROUP	教學 4-球員管理
320	KRGROUP	教學 4-球員管理
321	KRGROUP	教學 4-球員管理
322	KRGROUP	教學 4-球員管理
323	KRGROUP	教學 4-球員管理
324	KRGROUP	教學 4-球員管理
325	KRGROUP	教學 4-球員管理
326	KRGROUP	教學 4-球員管理
327	KRGROUP	教學 4-球員管理
328	KRGROUP	教學 4-球員管理
329	KRGROUP	教學 4-球員管理
330	KRGROUP	教學 4-球員管理
331	KRGROUP	教學 4-球員管理
332	KRGROUP	教學 4-球員管理
333	KRGROUP	教學 4-球員管理
334	KRGROUP	教學 4-球員管理
335	KRGROUP	教學 4-球員管理
336	KRGROUP	教學 4-球員管理
337	KRGROUP	教學 4-球員管理
338	KRGROUP	教學 4-球員管理
339	KRGROUP	教學 4-球員管理
340	KRGROUP	教學 4-球員管理
341	KRGROUP	教學 4-球員管理
342	KRGROUP	教學 4-球員管理
343	KRGROUP	教學 4-球員管理
344	KRGROUP	教學 4-球員管理
345	KRGROUP	教學 4-球員管理
346	KRGROUP	教學 4-球員管理
347	KRGROUP	教學 4-球員管理
348	KRGROUP	教學 4-球員管理
349	KRGROUP	教學 4-球員管理
350	KRGROUP	教學 4-球員管理
351	KRGROUP	教學 4-球員管理
352	KRGROUP	教學 4-球員管理
353	KRGROUP	教學 4-球員管理
354	KRGROUP	教學 4-球員管理
355	KRGROUP	教學 4-球員管理
356	KRGROUP	教學 4-球員管理
357	KRGROUP	教學 4-球員管理
358	KRGROUP	教學 4-球員管理
359	KRGROUP	教學 4-球員管理
360	KRGROUP	教學 4-球員管理
361	KRGROUP	教學 4-球員管理
362	KRGROUP	教學 4-球員管理
363	KRGROUP	教學 4-球員管理
364	KRGROUP	教學 4-球員管理
366	KRGROUP	教學 4-球員管理
367	KRGROUP	教學 4-球員管理
368	KRGROUP	教學 4-球員管理
369	KRGROUP	教學 4-球員管理
373	KRGROUP	教學 4-球員管理
374	KRGROUP	教學 4-球員管理
375	KRGROUP	教學 4-球員管理
376	KRGROUP	教學 4-球員管理
377	KRGROUP	教學 4-球員管理
378	KRGROUP	教學 4-球員管理
379	KRGROUP	教學 4-球員管理
380	KRGROUP	教學 5-讓渡與指定讓渡(DFA)系統
381	KRGROUP	教學 5-讓渡與指定讓渡(DFA)系統
382	KRGROUP	教學 5-讓渡與指定讓渡(DFA)系統
383	KRGROUP	教學 5-讓渡與指定讓渡(DFA)系統
384	KRGROUP	教學 5-讓渡與指定讓渡(DFA)系統
385	KRGROUP	教學 5-讓渡與指定讓渡(DFA)系統
386	KRGROUP	教學 5-讓渡與指定讓渡(DFA)系統
387	KRGROUP	教學 5-讓渡與指定讓渡(DFA)系統
388	KRGROUP	教學 5-讓渡與指定讓渡(DFA)系統
389	KRGROUP	教學 5-讓渡與指定讓渡(DFA)系統
390	KRGROUP	教學 5-讓渡與指定讓渡(DFA)系統
391	KRGROUP	教學 5-讓渡與指定讓渡(DFA)系統
392	KRGROUP	教學 5-讓渡與指定讓渡(DFA)系統
393	KRGROUP	教學 5-讓渡與指定讓渡(DFA)系統
394	KRGROUP	教學 5-讓渡與指定讓渡(DFA)系統
395	KRGROUP	教學 5-讓渡與指定讓渡(DFA)系統
396	KRGROUP	教學 5-讓渡與指定讓渡(DFA)系統
397	KRGROUP	教學 5-讓渡與指定讓渡(DFA)系統
398	KRGROUP	教學 5-讓渡與指定讓渡(DFA)系統
399	KRGROUP	教學 6-老闆與老闆目標
400	KRGROUP	教學 6-老闆與老闆目標
401	KRGROUP	教學 6-老闆與老闆目標
402	KRGROUP	教學 6-老闆與老闆目標
403	KRGROUP	教學 6-老闆與老闆目標
404	KRGROUP	教學 6-老闆與老闆目標
405	KRGROUP	教學 6-老闆與老闆目標
406	KRGROUP	教學 6-老闆與老闆目標
407	KRGROUP	教學 6-老闆與老闆目標
408	KRGROUP	教學 6-老闆與老闆目標
409	KRGROUP	教學 6-老闆與老闆目標
410	KRGROUP	教學 6-老闆與老闆目標
411	KRGROUP	教學 6-老闆與老闆目標
412	KRGROUP	教學 6-老闆與老闆目標
413	KRGROUP	教學 6-老闆與老闆目標
414	KRGROUP	教學 6-老闆與老闆目標
415	KRGROUP	教學 6-老闆與老闆目標
416	KRGROUP	教學 6-老闆與老闆目標
417	KRGROUP	教學 6-老闆與老闆目標
418	KRGROUP	教學 6-老闆與老闆目標
419	KRGROUP	教學 6-老闆與老闆目標
420	KRGROUP	教學 6-老闆與老闆目標
421	KRGROUP	教學 6-老闆與老闆目標
422	KRGROUP	教學 6-老闆與老闆目標
423	KRGROUP	教學 6-老闆與老闆目標
424	KRGROUP	教學 6-老闆與老闆目標
425	KRGROUP	教學 6-老闆與老闆目標
426	KRGROUP	教學 6-老闆與老闆目標
427	KRGROUP	教學 6-老闆與老闆目標
428	KRGROUP	教學 6-老闆與老闆目標
429	KRGROUP	教學 6-老闆與老闆目標
430	KRGROUP	教學 6-老闆與老闆目標
431	KRGROUP	教學 6-老闆與老闆目標
432	KRGROUP	教學 6-老闆與老闆目標
433	KRGROUP	教學 6-老闆與老闆目標
434	KRGROUP	教學 6-老闆與老闆目標
435	KRGROUP	教學 6-老闆與老闆目標
436	KRGROUP	教學 6-老闆與老闆目標
437	KR	歡迎來到教學 7。本教學將說明球團財務，包括如何理解收入、支出與預算。
438	KR	財務都在球團的球團辦公室畫面。請點選醒目標示的蠑螈隊下拉式選單，並選擇「球隊主畫面」。
439	KR	要前往球團辦公室頁面，請先點選畫面上醒目標示的「球團辦公室」分頁。
440	KR	這是球團辦公室畫面，是你玩 OOTP 時最常造訪的畫面之一。光是這個畫面就有很多資訊，我們先從這些談起。
441	KR	首先，球團是圍繞著球隊老闆所訂的預算與經營方針建立的。OOTP 中每位老闆都有個性，會影響他們希望球團如何發展與表現。
442	KR	如果老闆的財務個性偏慈善，就比較可能提高預算；但如果他以獲利為優先，就可能對球員預算管得比較嚴，希望逐年賺取更多利潤。
443	KR	所以，雖然我們可以說明如何管理預算、設定上限，並帶你了解財務的種種細節，但在金錢方面，最後還是由老闆說了算。確保老闆的目標與風格和你契合，是你在球團成功的重要第一步。
444	KR	就算你很喜歡手上的球團，如果老闆與你不合，你也會過得很辛苦。談到財務，首先要說明的是預算與球員薪資總額。
445	KR	預算是老闆為本球季撥給你的資金，用來支付所有開銷，從球員、職員到活動期間的支出。
446	KR	球員薪資總額這一行顯示你有多少預算可用來支付球員薪資。雖然你的薪資與合約可以超過這個數字，但它代表老闆希望你把球員支出控制在這個額度內。下面兩行是自由球員資金與續約資金。
447	KR	自由球員資金是我們透過交易或自由球員市場取得新球員時，可立即動用的資金。這也是除了既定預算之外，我們可以額外花費的錢。
448	KR	確保這一行是綠色很重要。如果沒有可用資金，而自由球員資金顯示為「無」，老闆很可能會阻止你簽下任何自由球員、提高預算，或送出任何會增加球員預算的交易。
449	KR	續約資金是明年可用的資金。如果你簽下的球員合約在未來幾年的年薪較高，未來的薪資總額就會比今年高出許多。
450	KR	如果沒有續約資金，你就無法續約球員，老闆甚至可能禁止你簽下超過一年期的新球員合約。
451	KR	在進入會計畫面之前，先簡單說明門票這項收入來源。預算與資金那幾行下方，是市場規模、球迷忠誠度與球迷興趣。
452	KR	這三個長條提供了球團與球迷互動的狀況，對於主場門票定價非常重要。這三項我們都希望越高越好。
453	KR	市場規模表示我們能爭取的球迷基礎有多大，越大的城市市場規模越大。如果市場規模小，不論球迷興趣高低，來看比賽的人都不會多。
454	KR	忠誠度表示無論球隊表現如何，球迷多常會到場。即使球迷興趣偏低，忠誠度仍可能為我們留住不錯的觀眾。忠誠度需要長期累積，也可能隨時間流失。交易走人氣球員或表現不佳都會損害忠誠度。
455	KR	最後是球迷興趣。三項之中它變化最快，但只要能維持在高點，獲利也最高。球迷興趣高，比賽日的觀眾就會更多，這些球迷也會提升球隊的周邊商品銷售，增加預估的周邊商品銷售額。球迷興趣低，比賽日來的球迷就少，觀眾只剩季票球迷。
456	KR	雖然球團還有許多其他收入來源，但門票是每年提高獲利最有效率的方式之一。球迷越多，主場比賽的收入也越多，這一點始終不變。
457	KR	季前期間可以調整票價。了解上方的長條，能幫助你判斷是否該調漲票價、維持不變，或是降價以吸引更多球迷。
458	KR	接著前往這裡醒目標示的「會計」分頁，討論收入與支出。
459	KR	這是會計畫面。在這裡可以看到組成預算、收入來源與支出的所有細節，最終得出本年度與未來年度的可用餘額。
460	KR	這個畫面有六欄財務資訊，分別代表不同年度，第一欄是前一年（去年）。中間三欄是本年度，分成預算欄、年度累計欄與預測欄。
461	KR	最後兩欄是明年與後年。這樣就能涵蓋你所需要的資訊：檢視過去的球季、目前的球季，以及球團未來最多兩年的預測。
462	KR	第一行是期初餘額。它反映前一年的期末餘額，並會影響本年度或未來年度。
463	KR	以蠑螈隊為例，去年的期末餘額勉強為正，你可能需要往下捲動才看得到。這筆錢（若為紅字則是赤字）會結轉並影響本年度。我們預測的期末餘額，會在明年初成為可花用的資金。
464	KR	接著來看收入各行及其計算方式。首先是季票收入。這只來自季票球迷，表示這筆金額有保障。這不是當天賣出的門票，而是已購買並付清季票的球迷。
465	KRGROUP	教學 7-財務
467	KRGROUP	教學 7-財務
468	KRGROUP	教學 7-財務
469	KRGROUP	教學 7-財務
470	KRGROUP	教學 7-財務
471	KRGROUP	教學 7-財務
472	KRGROUP	教學 7-財務
473	KRGROUP	教學 7-財務
474	KRGROUP	教學 7-財務
475	KRGROUP	教學 7-財務
476	KRGROUP	教學 7-財務
477	KRGROUP	教學 7-財務
478	KRGROUP	教學 7-財務
479	KRGROUP	教學 7-財務
480	KRGROUP	教學 7-財務
481	KRGROUP	教學 7-財務
482	KRGROUP	教學 7-財務
483	KRGROUP	教學 7-財務
484	KRGROUP	教學 7-財務
485	KRGROUP	教學 7-財務
486	KRGROUP	教學 7-財務
487	KRGROUP	教學 7-財務
488	KRGROUP	教學 7-財務
489	KRGROUP	教學 7-財務
490	KRGROUP	教學 7-財務
491	KRGROUP	教學 7-財務
492	KRGROUP	教學 7-財務
493	KRGROUP	教學 7-財務
494	KRGROUP	教學 7-財務
495	KRGROUP	教學 7-財務
496	KRGROUP	教學 7-財務
497	KRGROUP	教學 7-財務
498	KRGROUP	教學 7-財務
499	KRGROUP	教學 7-財務
500	KRGROUP	教學 7-財務
501	KRGROUP	教學 7-財務
502	KRGROUP	教學 7-財務
503	KRGROUP	教學 7-財務
504	KRGROUP	教學 7-財務
505	KRGROUP	教學 7-財務
506	KRGROUP	教學 7-財務
507	KRGROUP	教學 7-財務
508	KRGROUP	教學 7-財務
509	KR	歡迎來到教學 8。本教學將說明職員如何協助培養你的球員，以及球隊防護員如何讓球員保持健康。我們也會介紹職員協同效應，以及它對球隊的重要性。
510	KR	下一步請前往蠑螈隊主畫面。選擇蠑螈隊下拉式選單，再點選「球隊主畫面」按鈕以繼續。
511	KR	本教學需要進入球團辦公室。請點選畫面上醒目標示的「球團辦公室」分頁。
512	KR	本教學從這裡醒目標示的人事畫面開始。
513	KR	歡迎來到人事畫面。在這裡可以看到球團的所有人員，包括助理總經理、大聯盟教練團、球探總監、球隊防護員，以及每個小聯盟層級的小聯盟教練。
514	KR	我們將說明教練與防護員使用的評分。球探評分會在另一個關於球探的教學中介紹。
515	KR	現在先從選擇板凳教練 Vinny Martinez 開始本教學。請點選板凳教練旁邊他的名字。
516	KR	歡迎來到 Vinny Martinez 的教練畫面。要說明的內容很多，我們開始吧。
517	KR	首先是評分區塊。這對總教練、投手／打擊教練、一壘／三壘教練和板凳教練很重要。球探和球隊防護員不需要這些評分，他們有自己的一套。
518	KR	名聲只代表教練受尊敬或成功的程度，所以別只因為名聲最高就聘用某位教練，這是個常見的錯誤。
519	KR	名聲會隨總教練或教練的生涯而變化。職員的年資越深，名聲通常越好，因此會要求更高的薪水。
520	KR	有時老闆的目標會包含聘請名聲更好的教練。另外，教練累積更多經驗後，也能培養出更好的技能。
522	KR	個性下方是合得來與合不來的評分。這些個性衝突會左右教練團的凝聚力。
523	KR	個性也會影響總教練與你的互動方式。例如，如果你只是球隊的總經理，掌控型的總教練會從你手中接管大部分日常的場上決策。
524	KR	接著，總教練風格描述這位教練擔任總教練時的臨場戰術風格。OOTP 中有幾種不同風格：傳統型、賽伯計量型、小球型、非傳統型與戰術型。
525	KR	每種風格都有不同的球隊策略，總教練比賽時較常使用這些策略，並依掌控程度，設法將它們套用到球隊上。
528	KR	打擊專長有 4 種：擊球型、力量型、耐心型與中立。例如擊球型表示打擊教練更擅長指導以擊球為主的打者，對其他打者則表現一般。
529	KR	投手方面大致類似，投手教練的專長包括力量型投手、技巧型投手、滾地球型投手，最後同樣是中立。
534	KR	調整動作能力有助於提升球員開發額外未開發潛力的能力，也就是我們所說的 TCR（天賦變化隨機性）。隨著遊戲進行，球員有機會發展出新的評分或技能。
536	KR	處理老化能力也和上述兩項類似。它讓板凳教練與總教練協助年邁老將，避免隨著年齡增長，評分急遽下滑。
538	KR	指導投球對投手教練也是同樣的道理。你要確保投手教練擁有你能取得的最佳指導投球評分。
540	KR	比賽跑壘指揮是影響球隊在模擬比賽、交由 AI 控制球隊時跑壘表現的評分。
541	KR	如果你親自控制每場比賽，就能自己決定何時多推進壘包、何時在飛球或平飛球接殺後進壘；但在由 AI 控制的模擬中，這些決定和其他決策都會由你的三壘與一壘教練代勞。
542	KR	指導捕手、內野與外野守備，都是影響球員學習這些位置速度的方式，也可能讓球員在這些位置獲得 TCR 提升。
543	KR	此外，指導跑壘評分高的教練，有助於促進球員跑壘能力的小幅 TCR 變化。
544	KR	以上就是基本的教練評分，以及它們在 OOTP 中的作用。接著進入第 2 欄的策略來討論。
545	KR	策略可以讓你看到教練在某些類別上會採取哪種名單策略。例如，總教練和板凳教練會偏好老將或新秀。
549	KR	最後是管理屬性，與球隊策略直接相關。這些項目讓你了解這位教練擔任總教練時在比賽中的行為，以及他的球隊策略。
561	KRGROUP	教學 9-球員養成與球探評估
562	KRGROUP	教學 9-球員養成與球探評估
563	KR	不過，別在這項預算投入無限的資金。投入超過最低額度兩倍時，球員養成效果的確會更好，但超過最低額度的 3.5 倍之後，幾乎看不出更多進步。
564	KR	這是為了避免玩家靠砸錢買到球員養成，保證得到絕佳成果。因此，把所有資金都投入這項預算，並不保證你的新秀就會成功。
565	KR	我們最建議的做法，是在算出整個球團的財務狀況後，盡可能在這項預算投入更多。收入較低的球團，無法像大型球團一樣投入那麼多。
566	KR	接著談談選秀預算。這一行是你為想選進並簽下的新人選秀新秀所預留的資金，這些球員的簽約金高低不一。
567	KR	在休賽季與季前查看這個畫面，可以看到建議的選秀預算是多少，讓你大致了解即將選進的球員可能要求多少簽約金。
568	KR	以我們的蠑螈隊為例，預計今年新人選秀的選秀權需要略低於 700 萬美元。
569	KR	可以看到我們目前的選秀預算略高於建議金額。一如往常，沒有花在選秀球員身上的錢會回到球團。
570	KR	不過，如果簽約階段超出選秀預算，老闆可能會駁回球員的簽約金報價。因此把預算抓得稍高一些，有助於避免這種情況。
571	KR	最後談談國際業餘自由球員預算。例行賽期間，你會遇到國際業餘自由球員簽約期。
572	KR	所有大聯盟球團都會嘗試從一批 IAFA 球員中簽人。預設情況下，為避免預算較高的球隊壟斷這些簽約期，每個球團都有一個上限。
573	KR	此外，如果你提出的報價總額超過上限，下個球季就會受到處罰，上限會大幅降低。所以每個球季都要審慎用錢，盡量別超過上限。
574	KR	這裡列出的預算就是我們可動用的撥款。如果這項預算沒有投入任何資金，之後想簽人時，老闆可能會有意見。
575	KR	這個畫面其餘部分會顯示球隊中評價很高的球員。畫面左下角列出球團的頂尖新秀名單，例如我們的頂尖新秀是 20 歲的 Desire Boulay。
576	KR	菱形圖上方可以看到你的小聯盟系統在聯盟中的排名。我們在 10 個球團中排第 3，表現不錯。你也可以更改下拉式選單，選擇只看新秀，或是大聯盟球員與新秀混合。
577	KR	你也可以將第 2 個下拉式選單改成依新秀排名、新秀潛力或目前能力排序。
578	KR	這些下拉式選單會影響下方顯示的棒球場圖與列出的球員，是檢視球團新秀深度的好方法。
579	KR	最後前往球探畫面，說明什麼是球探，以及球探總監如何協助我們。請點選畫面上醒目標示的「球探」分頁。
580	KR	歡迎來到球探主畫面。在這裡可以查看球探總監及其技能，以及球探預算與分配。我們可以對球探總監套用球探優先順序、使用任務分頁查看球探任務、檢視他過去考察過的球員，並管理 IAFA 的國際球探。
581	KR	首先談談球探預算設定區塊。下方的預算與滑桿只能在休賽季與季前編輯。例行賽期間，或春訓一開始，就無法調整。
582	KR	球探預算有基準（最低）金額，也有你可設定的上限。
583	KR	我們建議在這些範圍內，把預算盡量拉高。預算越高，球探總監的評估會越準確，也為球團工作得更快。
584	KR	接著談談滑桿。這 4 個滑桿加總必須等於 100%，你可以依想優先投入的項目任意調整。
585	KR	大聯盟球探可協助你更準確、更快速地考察其他大聯盟球員。如果你打算交易大聯盟球員，或想找出投手對打者、打者對投手的最佳對戰組合，這會很有幫助。
586	KR	例如，球探報告顯示某位球員的避免三振能力下降，你在比賽中可能會偏好派三振型投手對付他。善用大聯盟球員的球探更新，對比賽影響很大。
587	KR	如果你想從其他球團取得小聯盟球員或新秀，小聯盟球探就能派上用場。所以要交易新人或新秀的話，這項預算建議拉高。
588	KR	業餘球探預算滑桿控制球探資金中，有多少用於新人選秀，以及加入選秀名單的球員。
589	KR	業餘球探預算夠高，能確保你對這些球員獲得準確又迅速的評估，讓你的新人選秀更有機會成功。
590	KR	這個畫面的最後一個滑桿是國際球探。它會影響一年內自動出現的球探發掘球員的潛在品質，以及對 IAFA 球員與國際聯盟球員的考察準確度。
591	KR	這很有利，因為球探總監發掘到的球員會直接歸你所有並加以培養，不需要簽約金，也不用靠選秀權換取。
592	KR	調整這 4 個滑桿時，務必了解球隊目前的需求。依球隊現況，滑桿的調整方式也會不同。
594	KR	球探預算說明完了，接著說明左下角的球探評分。
595	KR	球探評分描述球探總監在各項目的能力高低。這些評分要與球探預算搭配，才能讓你的球探系統達到最佳品質。
596	KR	底部的預測評估這一行可能是最重要的。這項球探偏好的範圍，從極度偏好能力、中立，到極度偏好天賦。
597	KR	偏好能力表示球探總監更重視球員透過數據展現的實際表現，而非原始評分潛力。也就是說，球探撰寫球員報告時，球員的數據影響力會更大。
598	KR	新秀就是很好的例子。極度偏好能力的球探，在新秀用數據證明有實力之前，比較不會給他們 5 顆星或極高的潛力評分。
599	KR	這類球探通常適合要向其他球團或系統交易新秀的球團。你會想把賭注放在表現良好的新秀身上，而不是那些潛力評分很高、卻尚未證明有實力的球員。
600	KR	極度偏好天賦的設定則剛好相反，主要依據潛力評分的上限來預測球員。也就是說，偏好天賦能讓你看到球員可能達到的最佳巔峰評分。
601	KR	極度偏好天賦的球探，非常適合從業餘選秀和球探發掘中蒐集球員的球團。
604	KR	如果你想親自掌控或指定要看哪些球員的球探報告，就能打破球探總監在背景自行運作的單調循環。
605	KR	當你要求個別球員的球探報告時，球探會暫停一般的球探工作，先完成你指定的球探報告。
606	KR	使用這些手動要求的最佳時機，是針對你想交易取得、打算選秀，或需要更新自家新秀或老將情報的球員。
607	KR	球探會有一個顏色指示燈，依名單長度由綠轉黃再轉紅。你加入越多球員，指示燈顏色就會改變，表示球探目前很忙，甚至忙不過來。
608	KR	最好的建議是，只有在有需要立刻更新情報的優先球員時，才讓球探進入紅燈。不過要注意，球探太忙的話，球探發掘就會延遲或暫停。
610	KR	若您想開始自己的存檔或觀看更多教學，可返回主選單；若想繼續執教史考茲代爾蠑螈隊，也可以繼續這場遊戲。
611	KRGROUP	教學 10-合約談判
612	KRGROUP	教學 10-合約談判
613	KRGROUP	教學 10-合約談判
614	KRGROUP	教學 10-合約談判
615	KRGROUP	教學 10-合約談判
616	KRGROUP	教學 10-合約談判
617	KRGROUP	教學 10-合約談判
618	KRGROUP	教學 10-合約談判
619	KRGROUP	教學 10-合約談判
620	KRGROUP	教學 10-合約談判
621	KRGROUP	教學 10-合約談判
622	KRGROUP	教學 10-合約談判
623	KRGROUP	教學 10-合約談判
624	KRGROUP	教學 10-合約談判
625	KRGROUP	教學 10-合約談判
626	KRGROUP	教學 10-合約談判
627	KRGROUP	教學 10-合約談判
628	KRGROUP	教學 10-合約談判
629	KRGROUP	教學 10-合約談判
630	KRGROUP	教學 10-合約談判
631	KRGROUP	教學 10-合約談判
632	KRGROUP	教學 10-合約談判
633	KRGROUP	教學 10-合約談判
634	KRGROUP	教學 10-合約談判
635	KRGROUP	教學 10-合約談判
636	KRGROUP	教學 10-合約談判
637	KRGROUP	教學 10-合約談判
638	KRGROUP	教學 10-合約談判
639	KRGROUP	教學 10-合約談判
641	KRGROUP	教學 10-合約談判
642	KRGROUP	教學 10-合約談判
643	KRGROUP	教學 10-合約談判
644	KRGROUP	教學 10-合約談判
646	KRGROUP	教學 10-合約談判
647	KRGROUP	教學 10-合約談判
648	KRGROUP	教學 10-合約談判
649	KRGROUP	教學 10-合約談判
650	KRGROUP	教學 10-合約談判
651	KRGROUP	教學 10-合約談判
652	KRGROUP	教學 10-合約談判
653	KRGROUP	教學 10-合約談判
655	KRGROUP	教學 10-合約談判
656	KR	這是你的養成實驗室，在休賽季和春訓期間，你可以送幾名球員到這裡鍛鍊比賽的各個面向。
657	KR	首先，將球員從左側名單拖曳到右側的實驗室（或點選名字旁的 + 按鈕）。
658	KR	接著，從這裡選擇你想讓球員進行的訓練計畫。點選 [+] 圖示可查看該計畫的更多詳情。
659	KR	不同計畫所需完成時間長短不同，難度也不同。計畫必須在球季開始前完成。
662	KR	球員偶爾也可能出現一切完美契合，或是完全落空的情況。前者會獲得更顯著的提升，後者則可能比開始時更差。
663	KR	球員通常不是計畫失敗，就是順利完成。結果的機率受計畫難度、球員個性、教練團等因素影響。如果失敗，不會有任何變化；如果成功，則會有小幅提升，具體內容視計畫而定。
664	KR	在這個畫面，你可以設定希望球員如何分配時間與精力。
665	KR	利用這裡的滑桿，可以把他原本用來接受某項訓練的時間，改放到比賽的其他面向。
666	KR	隨著時間推移，這會潛移默化地影響他的成長、自我維持與老化方式。
